Date,Adj_Close,Adj_Volume
2013-02-21,49.48250707227954,5500.0
2013-02-22,49.88122460450539,700.0
2013-02-25,49.440973996006015,900.0
2013-02-26,49.200082153619555,200.0
2013-02-27,49.4243607654966,200.0
2013-02-28,49.84799814348657,300.0
2013-03-01,49.507426918043656,100.0
2013-03-04,49.507426918043656,0.0
2013-03-05,50.32978182825948,200.0
2013-03-06,50.51252736386299,400.0
2013-03-07,50.46268767233476,200.0
2013-03-08,50.46268767233476,0.0
2013-03-11,50.88632505032473,100.0
2013-03-12,50.88632505032473,0.0
2013-03-13,51.05245735541884,100.0
2013-03-14,51.25181612153177,200.0
2013-03-15,51.374403488137666,0.0
2013-03-18,51.374403488137666,0.0
2013-03-19,51.374403488137666,0.0
2013-03-20,51.43268887297024,1200.0
2013-03-21,51.35775052104265,400.0
2013-03-22,51.316118103305094,900.0
2013-03-25,51.35775052104265,600.0
2013-03-26,51.64085096165799,3800.0
2013-03-27,51.695805753071554,1300.0
2013-03-28,51.948930852915865,3000.0
2013-04-01,51.36607700459015,14600.0
2013-04-02,51.49097425780281,7100.0
2013-04-03,50.791549639811954,400.0
2013-04-04,50.999711728499705,2200.0
2013-04-05,50.941343078831665,3200.0
2013-04-08,51.52428019199285,3600.0
2013-04-09,51.374403488137666,1600.0
2013-04-10,51.374403488137666,0.0
2013-04-11,52.073828106128516,3400.0
2013-04-12,51.90729843517832,2800.0
2013-04-15,50.27530765986633,6300.0
2013-04-16,50.88314095883457,2200.0
2013-04-17,50.22534875858126,2700.0
2013-04-18,50.03383963698853,5900.0
2013-04-19,50.6583259030518,18500.0
2013-04-22,50.79987612335946,7000.0
2013-04-23,51.49097425780281,3100.0
2013-04-24,51.78240118196566,3000.0
2013-04-25,51.86000400862846,4800.0
2013-04-26,51.69080986294305,1500.0
2013-04-29,51.69080986294305,0.0
2013-04-30,52.2237048099837,400.0
2013-05-01,51.60754502746794,4500.0
2013-05-02,51.72403253229761,3100.0
2013-05-03,52.490152283504024,8800.0
2013-05-06,52.456846349313984,14900.0
2013-05-07,53.04794341635173,19600.0
2013-05-08,53.005228555753,5100.0
2013-05-09,52.81488514185692,2200.0
2013-05-10,53.02304723054468,13300.0
2013-05-13,52.959266366570745,3100.0
2013-05-14,53.27459029851496,2300.0
2013-05-15,53.76410426627307,2300.0
2013-05-16,53.5392892104903,1100.0
2013-05-17,54.00557228915087,1900.0
2013-05-20,54.0305517397934,9400.0
2013-05-21,54.138796025911034,900.0
2013-05-22,53.25618876987496,5300.0
2013-05-23,52.94544440388188,2800.0
2013-05-24,53.02304723054468,83800.0
2013-05-28,53.25618876987496,11100.0
2013-05-29,52.598396569621656,10500.0
2013-05-30,52.83819929578995,17700.0
2013-05-31,52.537446710053885,9600.0
2013-06-03,52.648355470906715,4300.0
2013-06-04,52.287818733299524,11500.0
2013-06-05,51.70746283003807,3800.0
2013-06-06,51.54925964263538,800.0
2013-06-07,52.46517283286149,9900.0
2013-06-10,52.565090635431616,9200.0
2013-06-11,52.16541942515113,4100.0
2013-06-12,51.4037127102249,6000.0
2013-06-13,52.41521393157644,1800.0
2013-06-14,52.356928546743866,2600.0
2013-06-17,52.456846349313984,8600.0
2013-06-18,53.13129151666231,13900.0
2013-06-19,52.29864316191129,3800.0
2013-06-20,50.94142634366713,2900.0
2013-06-21,51.26506177148846,5700.0
2013-06-24,50.77881915779324,6700.0
2013-06-25,50.96325601126384,1400.0
2013-06-26,51.474649104977786,1000.0
2013-06-27,52.21675593539678,900.0
2013-06-28,52.29623145225594,4100.0
2013-07-01,52.475219035055815,700.0
2013-07-02,52.38844987899124,800.0
2013-07-03,52.66510515919714,300.0
2013-07-05,53.03397886613835,1300.0
2013-07-08,53.56213894653145,600.0
2013-07-09,54.09197572559246,1600.0
2013-07-10,54.09029902692454,0.0
2013-07-11,54.635226093996785,0.0
2013-07-12,54.97894932091927,500.0
2013-07-15,55.33340341931641,200.0
2013-07-16,55.180153161069015,200.0
2013-07-17,55.316804102504065,1000.0
2013-07-18,55.85083262823486,600.0
2013-07-19,55.90951708161187,800.0
2013-07-22,56.04365297504503,2900.0
2013-07-23,56.11910441510119,500.0
2013-07-24,55.58256084136852,22600.0
2013-07-25,56.01766414569236,700.0
2013-07-26,55.931901008828525,200.0
2013-07-29,55.64795208941719,500.0
2013-07-30,55.616094814726814,6200.0
2013-07-31,55.67477926810382,100.0
2013-08-01,56.12748790844076,700.0
2013-08-02,56.14425489511991,200.0
2013-08-05,56.14995567059081,100.0
2013-08-06,55.90951708161187,400.0
2013-08-07,55.59932782804766,1200.0
2013-08-08,55.7753811881787,2300.0
2013-08-09,55.69154625478298,2000.0
2013-08-12,55.6831627614434,10100.0
2013-08-13,55.69154625478298,1400.0
2013-08-14,55.44004145459578,1100.0
2013-08-15,54.28647277107055,2400.0
2013-08-16,53.86394470675607,5000.0
2013-08-19,53.57052243987102,8300.0
2013-08-20,53.98969710684967,9300.0
2013-08-21,53.70465833330419,12700.0
2013-08-22,54.1322164936224,13500.0
2013-08-23,54.29150286707429,4600.0
2013-08-26,54.42547109064066,3200.0
2013-08-27,53.471597218464055,2800.0
2013-08-28,53.28548366632554,1400.0
2013-08-29,53.61243990656889,21200.0
2013-08-30,52.956599222614095,3200.0
2013-09-03,52.81600803930945,8000.0
2013-09-04,53.00044489278006,26900.0
2013-09-05,53.210032226269384,8600.0
2013-09-06,53.319017639683835,9200.0
2013-09-09,53.95616313349137,24500.0
2013-09-10,54.10706601360369,12000.0
2013-09-11,54.60169212063848,5800.0
2013-09-12,54.64360958733636,1000.0
2013-09-13,54.668760067355066,900.0
2013-09-16,54.97056582757969,8100.0
2013-09-17,55.26398809446475,200.0
2013-09-18,56.085738111609686,800.0
2013-09-19,56.060419961724186,2100.0
2013-09-20,56.43074820475981,0.0
2013-09-23,56.202898615776924,2800.0
2013-09-24,56.26028295670595,300.0
2013-09-25,56.261970731439156,0.0
2013-09-26,56.169143121112796,100.0
2013-09-27,56.169143121112796,0.0
2013-09-30,55.82719996016515,700.0
2013-10-01,56.521888040352955,2700.0
2013-10-02,56.169143121112796,6700.0
2013-10-03,55.68812732214894,400.0
2013-10-04,55.76407718514323,5200.0
2013-10-07,55.443399985834,6500.0
2013-10-08,54.979261934202206,7600.0
2013-10-09,55.224326825463784,300.0
2013-10-10,55.93369854583049,500.0
2013-10-11,56.86113076172746,5100.0
2013-10-14,57.02990823504812,1300.0
2013-10-15,56.549905100924185,1500.0
2013-10-16,56.99615274038399,1100.0
2013-10-17,57.568308374941,1100.0
2013-10-18,57.5699961496742,0.0
2013-10-21,58.26029601555566,1200.0
2013-10-22,58.67050966446151,1400.0
2013-10-23,58.70080522092257,600.0
2013-10-24,58.61641648426224,300.0
2013-10-25,58.78519395758289,300.0
2013-10-28,59.01186210425253,3200.0
2013-10-29,58.928654809905446,400.0
2013-10-30,58.47295563193969,10600.0
2013-10-31,58.228228295624746,19200.0
2013-11-01,57.74721249666089,10200.0
2013-11-04,58.23666716929078,12300.0
2013-11-05,58.07632856963615,9500.0
2013-11-06,58.23666716929078,7700.0
2013-11-07,57.384340929021484,5500.0
2013-11-08,57.78940686499105,8400.0
2013-11-11,57.94130659097963,6400.0
2013-11-12,57.586873897006264,200.0
2013-11-13,58.084683054565524,1500.0
2013-11-14,58.44088791200876,300.0
2013-11-15,58.48139450560572,2100.0
2013-11-18,58.46451675827365,4800.0
2013-11-19,58.295739284953,9000.0
2013-11-20,58.192785026227405,10200.0
2013-11-21,58.9708491782356,5300.0
2013-11-22,59.19025989355246,6000.0
2013-11-25,59.215576514550555,1700.0
2013-11-26,59.579460747029884,500.0
2013-11-27,59.705031187180445,300.0
2013-11-29,59.705031187180445,0.0
2013-12-02,59.20713764088452,3600.0
2013-12-03,58.98772692556768,6400.0
2013-12-04,58.71700785836135,3800.0
2013-12-05,58.88814821630849,500.0
2013-12-06,59.69051632447486,700.0
2013-12-09,59.49405934552963,19000.0
2013-12-10,59.0708498311781,300.0
2013-12-11,58.23666716929078,5700.0
2013-12-12,58.52358887393588,4900.0
2013-12-13,58.77675508391687,8900.0
2013-12-16,59.502498219195665,3800.0
2013-12-17,59.46030385086549,600.0
2013-12-18,59.28308750387881,400.0
2013-12-19,59.84005316583696,400.0
2013-12-20,60.546234991957895,200.0
2013-12-23,60.546234991957895,0.0
2013-12-24,61.928859129598756,0.0
2013-12-26,61.928859129598756,0.0
2013-12-27,62.519498615773124,200.0
2013-12-30,62.59365962749009,1400.0
2013-12-31,62.56893929025111,2000.0
2014-01-02,61.51655921921993,200.0
2014-01-03,61.51655921921993,0.0
2014-01-06,61.577124045455456,4800.0
2014-01-07,61.99330858025755,2900.0
2014-01-08,61.597783184433744,4300.0
2014-01-09,61.94210216740535,700.0
2014-01-10,61.94210216740535,0.0
2014-01-13,61.35940850391494,1900.0
2014-01-14,62.05157794660659,300.0
2014-01-15,62.410111123490616,1100.0
2014-01-16,62.27759245850591,400.0
2014-01-17,62.30407853411909,500.0
2014-01-21,62.56893929025111,1100.0
2014-01-22,62.632505871722785,1300.0
2014-01-23,62.291718365499605,1100.0
2014-01-24,61.07697865095951,800.0
2014-01-27,60.88265914287732,8500.0
2014-01-28,60.43990024554333,5000.0
2014-01-29,60.04393341512598,2400.0
2014-01-30,61.05040428842761,2800.0
2014-01-31,60.64428446235852,400.0
2014-02-03,58.89549717653759,2500.0
2014-02-04,59.22286507111675,600.0
2014-02-05,58.95985834027767,300.0
2014-02-06,58.95985834027767,0.0
2014-02-07,59.70844312402543,4800.0
2014-02-10,60.0126798459024,700.0
2014-02-11,60.85105242597891,1400.0
2014-02-12,60.891487834748396,4500.0
2014-02-13,61.853726961775976,2000.0
2014-02-14,62.08336123734242,14500.0
2014-02-18,62.44533760405618,1100.0
2014-02-19,61.75820051573103,1500.0
2014-02-20,62.11841114407057,1400.0
2014-02-21,62.4894810634115,1600.0
2014-02-24,63.02803126754659,1300.0
2014-02-25,62.64133456359385,500.0
2014-02-26,62.64133456359385,0.0
2014-02-27,63.185181982851574,400.0
2014-02-28,63.28406333180753,400.0
2014-03-03,62.63956882521965,500.0
2014-03-04,64.48476542627263,8400.0
2014-03-05,64.23756205388275,300.0
2014-03-06,64.12278905955888,1200.0
2014-03-07,64.07864560020354,900.0
2014-03-10,64.07864560020354,0.0
2014-03-11,64.07864560020354,0.0
2014-03-12,63.566581471681666,5800.0
2014-03-13,63.67243748721576,1000.0
2014-03-14,63.94974669888597,900.0
2014-03-17,64.22873336201168,5200.0
2014-03-18,64.5730523449833,6800.0
2014-03-19,64.23756205388275,6000.0
2014-03-20,64.36999243194875,1800.0
2014-03-21,64.47004623118518,6900.0
2014-03-24,63.88758170459155,600.0
2014-03-25,64.03554719848573,300.0
2014-03-26,63.46824270751577,1000.0
2014-03-27,63.46824270751577,0.0
2014-03-28,63.45051167169861,1900.0
2014-03-31,64.06223240739055,600.0
2014-04-01,64.51437382072807,5200.0
2014-04-02,64.6296255535396,600.0
2014-04-03,64.33706346255649,2100.0
2014-04-04,63.36185649261282,6200.0
2014-04-07,62.84402159157274,2000.0
2014-04-08,63.07824857471738,2300.0
2014-04-09,63.07824857471738,0.0
2014-04-10,62.032028806326,1400.0
2014-04-11,61.695139125800004,1700.0
2014-04-14,61.782021201304076,300.0
2014-04-15,62.00543225260026,2600.0
2014-04-16,62.68222588974117,2700.0
2014-04-17,62.714585030107486,4100.0
2014-04-21,62.90084956136673,10300.0
2014-04-22,63.19341165234982,2000.0
2014-04-23,63.10475647326404,5400.0
2014-04-24,62.76786679273804,6900.0
2014-04-25,62.200473646588996,2800.0
2014-04-28,61.79966358194214,10300.0
2014-04-29,62.16501157495468,4600.0
2014-04-30,62.378138625476915,7500.0
2014-05-01,62.12954950332036,2000.0
2014-05-02,62.696942649469406,600.0
2014-05-05,62.41324607639489,8700.0
2014-05-06,61.836987412337265,600.0
2014-05-07,61.74833223325148,1000.0
2014-05-08,62.315725379400526,700.0
2014-05-09,62.14728053913752,8000.0
2014-05-12,63.37737114895283,600.0
2014-05-13,62.79446334646378,600.0
2014-05-14,62.085221913777474,6900.0
2014-05-15,60.79910123077995,10800.0
2014-05-16,61.34938392736543,5100.0
2014-05-19,61.78379430488579,800.0
2014-05-20,60.91488489466599,800.0
2014-05-21,60.91488489466599,0.0
2014-05-22,61.91057121097847,12900.0
2014-05-23,61.91057121097847,0.0
2014-05-27,63.00723577626966,1700.0
2014-05-28,62.741181583833225,1100.0
2014-05-29,62.83879093600667,300.0
2014-05-30,62.688077131560824,200.0
2014-06-02,62.759001274829465,400.0
2014-06-03,62.723539203195145,600.0
2014-06-04,62.82105990018951,9000.0
2014-06-05,64.00903929993908,400.0
2014-06-06,64.00903929993908,0.0
2014-06-09,64.95578795739621,1000.0
2014-06-10,64.86899453707122,11200.0
2014-06-11,64.42571864164228,400.0
2014-06-12,63.91169591330288,200.0
2014-06-13,64.26613931928786,100.0
2014-06-16,64.11542551484202,400.0
2014-06-17,64.79807039380259,800.0
2014-06-18,64.79807039380259,0.0
2014-06-19,65.2502118071401,300.0
2014-06-20,65.58217580591611,400.0
2014-06-23,65.58217580591611,0.0
2014-06-24,65.25216893731567,800.0
2014-06-25,65.3959449027708,500.0
2014-06-26,65.37703640111043,900.0
2014-06-27,65.68019676499499,1500.0
2014-06-30,65.87650625628945,1000.0
2014-07-01,66.22435133400342,200.0
2014-07-02,66.13516028843573,600.0
2014-07-03,66.26288186568864,300.0
2014-07-07,65.77304464343094,700.0
2014-07-08,65.5090391485506,1800.0
2014-07-09,65.5090391485506,0.0
2014-07-10,65.22541162364537,900.0
2014-07-11,65.00689356200456,600.0
2014-07-14,65.06486774162356,2500.0
2014-07-15,65.06486774162356,0.0
2014-07-16,64.48940711562088,500.0
2014-07-17,64.00349429936814,2300.0
2014-07-18,64.00349429936814,0.0
2014-07-21,64.00349429936814,0.0
2014-07-22,64.75269908213666,1900.0
2014-07-23,64.36025848163887,2700.0
2014-07-24,64.44053042264979,1700.0
2014-07-25,64.03917071759521,1100.0
2014-07-28,63.89646504468693,2300.0
2014-07-29,63.78952498105127,1100.0
2014-07-30,63.57983683292166,1000.0
2014-07-31,62.64779040673938,1600.0
2014-08-01,62.157239656117135,1300.0
2014-08-04,62.308864433582194,100.0
2014-08-05,62.877903304304006,300.0
2014-08-06,62.817164202272416,600.0
2014-08-07,62.91714736435379,200.0
2014-08-08,62.91714736435379,0.0
2014-08-11,62.91714736435379,0.0
2014-08-12,63.20077488925901,300.0
2014-08-13,63.81547957531147,2700.0
2014-08-14,64.06021980434919,500.0
2014-08-15,64.06021980434919,0.0
2014-08-18,64.50296415454716,500.0
2014-08-19,65.09162505529386,1100.0
2014-08-20,64.85080923226111,3500.0
2014-08-21,65.38595550566721,1300.0
2014-08-22,65.38595550566721,0.0
2014-08-25,65.3788202220218,300.0
2014-08-26,65.59109491047288,300.0
2014-08-27,65.5844055820553,4900.0
2014-08-28,65.5844055820553,0.0
2014-08-29,65.64452034676792,500.0
2014-09-02,66.07272655653836,400.0
2014-09-03,66.29837990182459,3000.0
2014-09-04,65.81407252439207,1200.0
2014-09-05,65.46622744667812,1400.0
2014-09-08,65.75154960144913,1400.0
2014-09-09,65.15405878719123,2600.0
2014-09-10,65.28784535554276,800.0
2014-09-11,65.70704326971087,5600.0
2014-09-12,65.03802123690768,7800.0
2014-09-15,64.5163428113823,1200.0
2014-09-16,64.83323859628427,1600.0
2014-09-17,64.95783848694234,500.0
2014-09-18,64.95783848694234,0.0
2014-09-19,64.9511420232411,0.0
2014-09-22,64.02775104623713,1660.0
2014-09-23,63.131254952058505,4988.0
2014-09-24,63.34193153419048,626.0
2014-09-25,62.79874455072765,625.0
2014-09-26,63.216422081005476,1230.0
2014-09-29,63.12237964072614,3283.0
2014-09-30,62.78162147532884,1422.0
2014-10-01,62.13614428752024,2201.0
2014-10-02,62.33337342823953,10048.0
2014-10-03,62.91600623984622,2838.0
2014-10-06,62.85334116286313,2249.0
2014-10-07,62.03752971716059,4134.0
2014-10-08,62.14510924846201,669.0
2014-10-09,62.14510924846201,82.0
2014-10-10,62.37819823294846,1088.0
2014-10-13,61.569558755999346,10271.0
2014-10-14,62.21593243990213,2214.0
2014-10-15,62.602232606883696,32358.0
2014-10-16,62.67180070379196,7946.0
2014-10-17,62.88032569529791,4334.0
2014-10-20,63.43606362407924,4265.0
2014-10-21,64.4903430308333,20970.0
2014-10-22,64.38357034601663,1278.0
2014-10-23,64.84356249193966,3222.0
2014-10-24,65.0675968658749,1277.0
2014-10-27,65.23802077337827,1755.0
2014-10-28,65.80110997013186,705.0
2014-10-29,66.6455196412387,13601.0
2014-10-30,67.31789171187266,3392.0
2014-10-31,68.24217918497082,1840.0
2014-11-03,68.47437167336308,1950.0
2014-11-04,68.042260555969,4152.0
2014-11-05,68.042260555969,260.0
2014-11-06,68.29507245452737,13699.0
2014-11-07,68.54609136089736,5019.0
2014-11-10,69.03701262206958,3502.0
2014-11-11,68.84193507197632,932.0
2014-11-12,69.14674374399705,798.0
2014-11-13,68.63574097031524,7993.0
2014-11-14,68.47580606711378,520.0
2014-11-17,68.3017961752337,1408.0
2014-11-18,68.54680855777272,850.0
2014-11-19,67.97950582937649,620.0
2014-11-20,68.10680827474985,1927.0
2014-11-21,68.45554525538533,2110.0
2014-11-24,68.6044532566284,618.0
2014-11-25,68.72628707582729,893.0
2014-11-26,69.03826771660144,2547.0
2014-11-28,69.22742839247313,12673.0
2014-12-01,67.95162480084753,1430.0
2014-12-02,68.3443797397072,928.0
2014-12-03,68.6536708921988,263.0
2014-12-04,68.89572483762703,10075.0
2014-12-05,69.35293784565813,24028.0
2014-12-08,68.93158468139418,386.0
2014-12-09,69.65129174580079,3597.0
2014-12-10,68.59988112654808,3232.0
2014-12-11,69.02123429081205,583.0
2014-12-12,68.18749292322593,3543.0
2014-12-15,67.21927714151302,1435.0
2014-12-16,67.31699521577849,6126.0
2014-12-17,67.31699521577849,60.0
2014-12-18,69.49772196486799,2346.0
2014-12-19,68.58679228357308,889.0
2014-12-22,69.08398901740455,1085.0
2014-12-23,69.568096908261,587.0
2014-12-24,69.82718427947863,747.0
2014-12-26,70.09702960382639,26381.0
2014-12-29,70.75147175257679,4500.0
2014-12-30,70.53541619387974,3726.0
2014-12-31,69.8998004631071,2972.0
2015-01-02,69.33859390815127,1511.0
2015-01-05,68.4654067124213,29046.0
2015-01-06,67.72131495425305,6849.0
2015-01-07,68.05301850909913,4390.0
2015-01-08,69.01226932987026,11032.0
2015-01-09,68.42945721904474,3044.0
2015-01-12,67.72131495425305,1434.0
2015-01-13,67.77420822380958,6192.0
2015-01-14,67.97143736452888,1915.0
2015-01-15,67.24617202433838,3982.0
2015-01-16,67.72131495425305,1962.0
2015-01-20,67.91388231528262,4537.0
2015-01-21,67.8279979894603,14476.0
2015-01-22,69.28121815812385,13096.0
2015-01-23,69.16467366588063,16295.0
2015-01-26,69.6398165957953,7222.0
2015-01-27,69.22957998309916,25019.0
2015-01-28,67.99922874344841,2000.0
2015-01-29,68.97640948610311,2405.0
2015-01-30,67.74820983707839,4429.0
2015-02-02,67.6684216846965,23044.0
2015-02-03,69.51430714261029,4304.0
2015-02-04,69.03019925175383,5075.0
2015-02-05,69.593198798898,5552.0
2015-02-06,69.84601069745638,444.0
2015-02-09,68.49409458743501,2577.0
2015-02-10,68.96206554859626,1729.0
2015-02-11,68.70746065784952,1898.0
2015-02-12,69.36010981441156,1154.0
2015-02-13,69.36190280659993,4848.0
2015-02-17,69.32783595502113,2939.0
2015-02-18,69.58781982233293,771.0
2015-02-19,69.65685002158469,892.0
2015-02-20,69.81015085368924,3501.0
2015-02-23,69.7402241583433,6801.0
2015-02-24,69.97331314282975,3675.0
2015-02-25,69.56720041216683,1705.0
2015-02-26,69.84601069745638,2234.0
2015-02-27,69.98272635181861,2889.0
2015-03-02,69.95359022875782,2318.0
2015-03-03,70.06027326396507,10492.0
2015-03-04,69.57033814849646,1722.0
2015-03-05,69.57526887701444,2958.0
2015-03-06,68.42058190771236,3109.0
2015-03-09,68.7836628258547,2163.0
2015-03-10,68.22335276699307,6968.0
2015-03-11,68.19645788416771,2034.0
2015-03-12,69.74739612709672,9782.0
2015-03-13,69.17274213072824,630.0
2015-03-16,69.76156076538474,1232.0
2015-03-17,69.6399062454047,588.0
2015-03-18,70.71471541271546,2565.0
2015-03-19,70.37485374341234,700.0
2015-03-20,70.79629655728571,422.0
2015-03-23,71.44876641462892,983.0
2015-03-24,71.14593003401538,2240.0
2015-03-25,70.02441342019792,2648.0
2015-03-26,69.86394061933996,8682.0
2015-03-27,70.0183172467575,5968.0
2015-03-30,71.17282491684074,2274.0
2015-03-31,70.86577500458456,3164.0
2015-04-01,70.55424261185749,1686.0
2015-04-02,71.45970366697789,23611.0
2015-04-06,71.35875820677337,4858.0
2015-04-07,70.84112136199464,9811.0
2015-04-08,70.99164305620724,1620.0
2015-04-09,70.52734772903213,8424.0
2015-04-10,70.69777163653549,4464.0
2015-04-13,70.65285718221713,3469.0
2015-04-14,70.88594616670358,3752.0
2015-04-15,71.18178987778253,2529.0
2015-04-16,70.96663081517966,26161.0
2015-04-17,69.97152015064138,8337.0
2015-04-20,70.5452776509157,14339.0
2015-04-21,70.58113749468285,939.0
2015-04-22,70.62596229939177,1361.0
2015-04-23,70.9392876843072,9442.0
2015-04-24,70.49597036573589,696.0
2015-04-27,70.07013472100103,1846.0
2015-04-28,70.65375367831132,1110.0
2015-04-29,70.37852937739848,3484.0
2015-04-30,68.94951460327775,5522.0
2015-05-01,69.07493440685334,2019.0
2015-05-04,69.34755886909306,476.0
2015-05-05,68.4026519858288,1225.0
2015-05-06,68.2054228451095,1850.0
2015-05-07,68.76842239225367,5733.0
2015-05-08,69.07502405646277,4885.0
2015-05-11,69.08398901740455,2235.0
2015-05-12,69.03019925175383,2996.0
2015-05-13,69.12881382211349,1151.0
2015-05-14,69.7653260489803,34678.0
2015-05-15,69.2453583143567,1713.0
2015-05-18,70.26341927890594,3659.0
2015-05-19,70.0342748772339,2924.0
2015-05-20,70.34715201410222,1276.0
2015-05-21,70.0925471233555,1017.0
2015-05-22,69.85497565839816,2232.0
2015-05-26,68.94126683921132,622.0
2015-05-27,69.34397288471635,1004.0
2015-05-28,69.66707007705833,2491.0
2015-05-29,69.13777878305527,2636.0
2015-06-01,69.8280807755728,31505.0
2015-06-02,69.45155241601778,1005.0
2015-06-03,69.98945007252495,1428.0
2015-06-04,69.37974307887407,1040.0
2015-06-05,69.37086776754171,987.0
2015-06-08,69.37086776754171,5939.0
2015-06-09,69.1645840162712,3033.0
2015-06-10,70.09702960382639,3868.0
2015-06-11,70.00917298659688,5476.0
2015-06-12,70.00917298659688,244.0
2015-06-15,69.44079446288764,2304.0
2015-06-16,70.13288944759354,1932.0
2015-06-17,70.0163449553503,1139.0
2015-06-18,70.92180601047072,1384.0
2015-06-19,70.56320757279927,3218.0
2015-06-22,70.53631268997393,2243.0
2015-06-23,70.62596229939177,1940.0
2015-06-24,70.50950745675797,561.0
2015-06-25,70.18667921324426,1095.0
2015-06-26,70.30331335509689,835.0
2015-06-29,69.13777878305527,3202.0
2015-06-30,69.21846343153133,2784.0
2015-07-01,69.28480414250056,2086.0
2015-07-02,69.10191893928813,818.0
2015-07-06,69.02123429081205,974.0
2015-07-07,69.08389936779513,1684.0
2015-07-08,68.57298624372272,2092.0
2015-07-09,68.63574097031524,1384.0
2015-07-10,69.5329542613692,2411.0
2015-07-13,69.84601069745638,240.0
2015-07-14,70.06108011044984,2872.0
2015-07-15,70.10016734015602,662.0
2015-07-16,70.41976819773069,1406.0
2015-07-17,69.91773038499066,2085.0
2015-07-20,69.97152015064138,1101.0
2015-07-21,69.55016698637743,1517.0
2015-07-22,69.5806478535795,1288.0
2015-07-23,68.992905014236,2277.0
2015-07-24,68.38651505613358,2034.0
2015-07-27,68.07094843098271,1007.0
2015-07-28,68.34886222017808,2102.0
2015-07-29,68.45115242452387,332.0
2015-07-30,68.7881453063256,2998.0
2015-07-31,68.97640948610311,10631.0
2015-08-03,68.89572483762703,3157.0
2015-08-04,68.9046001489594,721.0
2015-08-05,68.75228546255846,543.0
2015-08-06,68.14894359117625,2032.0
2015-08-07,67.70338503236947,3242.0
2015-08-10,67.70338503236947,165.0
2015-08-11,68.17852796228414,2732.0
2015-08-12,67.76004358552157,681.0
2015-08-13,68.49230159524666,783.0
2015-08-14,68.70746065784952,1006.0
2015-08-17,69.13777878305527,1380.0
2015-08-18,69.17363862682241,2244.0
2015-08-19,68.61781104843168,1437.0
2015-08-20,68.14266811851701,420.0
2015-08-21,66.75300952293072,5755.0
2015-08-24,64.7001231168711,4576.0
2015-08-25,64.00982112435356,2428.0
2015-08-26,64.63727874066917,445.0
2015-08-27,65.27379096753599,527.0
2015-08-28,65.56084901689198,1714.0
2015-08-31,65.45138684379278,699.0
2015-09-01,64.0914022689238,32278.0
2015-09-02,64.34152467919964,1631.0
2015-09-03,64.75794711494561,1256.0
2015-09-04,64.00982112435356,1551.0
2015-09-08,64.00982112435356,77.0
2015-09-09,64.89735225759038,2606.0
2015-09-10,65.55179440634079,267.0
2015-09-11,65.72840413689396,1794.0
2015-09-14,65.67551086733742,2785.0
2015-09-15,65.74014823572772,803.0
2015-09-16,66.64283015295617,946.0
2015-09-17,66.42148526730347,1623.0
2015-09-18,64.95185922011645,1105.0
2015-09-21,64.95185922011645,5.0
2015-09-22,64.72701799969646,1621.0
2015-09-23,64.99596682795004,999.0
2015-09-24,64.71805303875466,705.0
2015-09-25,65.52221003523289,1651.0
2015-09-28,64.35039999053201,1327.0
2015-09-29,64.02775104623713,4037.0
2015-09-30,64.33255971825785,3628.0
2015-10-01,64.21601522601463,886.0
2015-10-02,64.09050577282963,1495.0
2015-10-05,66.17485919179492,1277.0
2015-10-06,66.15244678944046,1351.0
2015-10-07,66.87860862572514,5598.0
2015-10-08,67.72579743472394,1566.0
2015-10-09,67.8199295246127,977.0
2015-10-12,68.01536567314363,1326.0
2015-10-13,67.30713375874252,1360.0
2015-10-14,66.50208026617013,2257.0
2015-10-15,67.21927714151302,2781.0
2015-10-16,67.62987235264683,826.0
2015-10-19,67.8746157863576,3461.0
2015-10-20,68.21438780605129,1892.0
2015-10-21,67.38925280096929,3972.0
2015-10-22,68.25473013028933,4671.0
2015-10-23,68.68728949573051,650.0
2015-10-26,68.55012559332118,2293.0
2015-10-27,67.680972630015,4051.0
2015-10-28,69.19156854870599,5232.0
2015-10-29,69.28121815812385,2813.0
2015-10-30,68.58329594880578,1770.0
2015-11-02,69.61471470515829,1345.0
2015-11-03,69.72946620521316,4700.0
2015-11-04,69.67558678995302,956.0
2015-11-05,69.97152015064138,1556.0
2015-11-06,70.09702960382639,1311.0
2015-11-09,69.39776265036707,3651.0
2015-11-10,69.88187054122352,928.0
2015-11-11,69.87658121426787,365.0
2015-11-12,68.50126655618844,2859.0
2015-11-13,67.83391486368188,1831.0
2015-11-16,68.61781104843168,707.0
2015-11-17,68.25930226036964,4160.0
2015-11-18,69.09967769905268,5223.0
2015-11-19,69.20053350964777,1413.0
2015-11-20,69.84152821698548,692.0
2015-11-23,69.7115362833296,2052.0
2015-11-24,70.00011837604569,1084.0
2015-11-25,70.1020499819538,1758.0
2015-11-27,70.65895335565754,238.0
2015-11-30,70.52555473684377,6518.0
2015-12-01,71.03835050271394,2662.0
2015-12-02,70.0342748772339,2630.0
2015-12-03,69.13777878305527,7728.0
2015-12-04,69.78325597086388,3407.0
2015-12-07,68.68056577502416,1016.0
2015-12-08,68.39189403269864,5581.0
2015-12-09,67.73924487613662,11569.0
2015-12-10,67.75717479802019,2941.0
2015-12-11,66.34546239851711,11432.0
2015-12-14,66.01725517843832,1697.0
2015-12-15,67.03764703283242,3323.0
2015-12-16,67.96336889968127,7924.0
2015-12-17,67.404851833008,7394.0
2015-12-18,65.48007471880649,4831.0
2015-12-21,65.65937393764221,2679.0
2015-12-22,66.14168883631032,3632.0
2015-12-23,66.89205606713782,8807.0
2015-12-24,67.3827980290912,3949.0
2015-12-28,67.15741891101469,1759.0
2015-12-29,67.73646573824466,5714.0
2015-12-30,67.56173864948924,3058.0
2015-12-31,66.94136335231765,2722.0
2016-01-04,64.77363579659374,6975.0
2016-01-05,65.37428817969341,1731.0
2016-01-06,64.96010698418289,4851.0
2016-01-07,63.53467819443889,6129.0
2016-01-08,62.8712710847467,3919.0
2016-01-11,62.78323516829837,2534.0
2016-01-12,62.46336536189543,10514.0
2016-01-13,61.4413598145318,3734.0
2016-01-14,62.0285647562188,3782.0
2016-01-15,60.39703151442312,1783.0
2016-01-19,60.84518991190303,1303.0
2016-01-20,60.69278557589266,5863.0
2016-01-21,60.18178280221084,27902.0
2016-01-22,61.634106474780204,4034.0
2016-01-25,60.825018749784,509.0
2016-01-26,61.759615927965214,2724.0
2016-01-27,60.98217451509352,2389.0
2016-01-28,61.54069158176679,3666.0
2016-01-29,63.44502858502102,1482.0
2016-02-01,63.059535264524214,7141.0
2016-02-02,61.94743185969564,1861.0
2016-02-03,62.27958366258881,8140.0
2016-02-04,62.389763032563366,6685.0
2016-02-05,61.938915146800944,10376.0
2016-02-08,61.6416370419713,4036.0
2016-02-09,61.78202833031968,4297.0
2016-02-10,61.7013436818436,4828.0
2016-02-11,60.650829558685096,1783.0
2016-02-12,61.94698361164855,7399.0
2016-02-16,62.79964104682183,9827.0
2016-02-17,63.229869522418156,8642.0
2016-02-18,63.337449053719595,2319.0
2016-02-19,63.63149977261017,6267.0
2016-02-22,64.22489053734701,3058.0
2016-02-23,63.69246150701433,4164.0
2016-02-24,63.924653995406594,3848.0
2016-02-25,64.39020441711354,3888.0
2016-02-26,64.26765340103933,9971.0
2016-02-29,64.23161425805336,3391.0
2016-03-01,65.13044124207684,2155.0
2016-03-02,65.38863211720027,2799.0
2016-03-03,66.25285435198846,60762.0
2016-03-04,66.3563996508661,20183.0
2016-03-07,67.12962753209516,80893.0
2016-03-08,66.14168883631032,7519.0
2016-03-09,66.20175407462028,5554.0
2016-03-10,66.06270753041318,7025.0
2016-03-11,67.31780206226325,2319.0
2016-03-14,67.06687280550265,13737.0
2016-03-15,66.57379995370441,4456.0
2016-03-16,66.92343343043407,4332.0
2016-03-17,67.97233386062305,3689.0
2016-03-18,67.82889448555447,4853.0
2016-03-21,67.70338503236947,4895.0
2016-03-22,67.48347454046745,6462.0
2016-03-23,67.01173829571067,8253.0
2016-03-24,66.95032831325943,2330.0
2016-03-28,67.16817686414484,7133.0
2016-03-29,68.54331222300543,6701.0
2016-03-30,69.00330436892847,5583.0
2016-03-31,68.79890325945576,4914.0
2016-04-01,68.83297011103454,2007.0
2016-04-04,68.33093229829451,2966.0
2016-04-05,67.31027149507216,2480.0
2016-04-06,67.70338503236947,16019.0
2016-04-07,66.59172987558799,3453.0
2016-04-08,66.98618815702658,4323.0
2016-04-11,67.26858442669284,5489.0
2016-04-12,67.79303464178734,12812.0
2016-04-13,69.11975921156228,6653.0
2016-04-14,69.15570870493885,13868.0
2016-04-15,69.20949847058957,8191.0
2016-04-18,69.36253035386585,6106.0
2016-04-19,69.75636108803852,7835.0
2016-04-20,69.53671954496475,7794.0
2016-04-21,68.69410286604626,7241.0
2016-04-22,69.16467366588063,13140.0
2016-04-25,68.79531727507903,4322.0
2016-04-26,69.61292171296994,9290.0
2016-04-27,69.9078689279547,10834.0
2016-04-28,69.07502405646277,5483.0
2016-04-29,68.61781104843168,11308.0
2016-05-02,68.99433940798669,4965.0
2016-05-03,68.09784331380806,4110.0
2016-05-04,68.17843831267471,8267.0
2016-05-05,68.16059804040057,23194.0
2016-05-06,68.22335276699307,6707.0
2016-05-09,68.7073710082401,2691.0
2016-05-10,69.24087583388581,10656.0
2016-05-11,68.86165798604824,2873.0
2016-05-12,68.67151116447297,2846.0
2016-05-13,68.05660449347585,5892.0
2016-05-16,68.68953073596596,3727.0
2016-05-17,67.27306690716374,4561.0
2016-05-18,67.75717479802019,5441.0
2016-05-19,67.2372070633966,6721.0
2016-05-20,67.75717479802019,7779.0
2016-05-23,67.76165727849107,3925.0
2016-05-24,69.07502405646277,3968.0
2016-05-25,69.33500792377457,5898.0
2016-05-26,69.41569257225065,4735.0
2016-05-27,69.59508144069578,4029.0
2016-05-31,69.92221286546156,5613.0
2016-06-01,70.2897762640748,6885.0
2016-06-02,70.54617414700988,4575.0
2016-06-03,70.32115362737105,7763.0
2016-06-06,70.76043671351857,2480.0
2016-06-07,70.61699733844999,3001.0
2016-06-08,71.2800458497045,6264.0
2016-06-09,70.95766585423787,2948.0
2016-06-10,70.24943393983676,7904.0
2016-06-13,69.54120202543564,5799.0
2016-06-14,69.22294591200225,6381.0
2016-06-15,69.62188667391172,11790.0
2016-06-16,69.16583911080306,9681.0
2016-06-17,69.09657582256682,6140.0
2016-06-20,69.9483723067982,6466.0
2016-06-21,69.81112840293001,10240.0
2016-06-22,69.65962773587232,21129.0
2016-06-23,70.59913038352246,2682.0
2016-06-24,68.47757964864444,9973.0
2016-06-27,66.69990565120348,15414.0
2016-06-28,67.62939247154962,11247.0
2016-06-29,68.92874304071614,9681.0
2016-06-30,70.30930302045559,5518.0
2016-07-01,70.1414702386049,6030.0
2016-07-05,69.30817145344847,11210.0
2016-07-06,69.35283662926355,9097.0
2016-07-07,69.154324736752,2938.0
2016-07-08,70.80558275173446,3908.0
2016-07-11,71.46428130415917,9380.0
2016-07-12,72.38465462398545,6110.0
2016-07-13,72.37193181632904,11250.0
2016-07-14,72.5019571059241,13013.0
2016-07-15,72.65535265922848,5014.0
2016-07-18,72.66437592706993,57419.0
2016-07-19,72.5290269094484,20924.0
2016-07-20,72.69144573059422,8556.0
2016-07-21,72.66437592706993,5256.0
2016-07-22,73.64791212178626,5385.0
2016-07-25,73.30728376077212,11176.0
2016-07-26,73.44037696143326,11564.0
2016-07-27,73.22571341948554,2579.0
2016-07-28,73.70205172883486,10296.0
2016-07-29,73.64791212178626,6916.0
2016-08-01,73.40879552398825,15617.0
2016-08-02,72.69144573059422,18243.0
2016-08-03,73.0253066407273,5983.0
2016-08-04,72.98470193544084,118285.0
2016-08-05,74.16223838874801,2548.0
2016-08-08,73.94026599984872,7624.0
2016-08-09,74.22540126363805,9408.0
2016-08-10,73.89154035350498,4504.0
2016-08-11,73.85553751481766,110275.0
2016-08-12,73.91861015702928,14159.0
2016-08-15,74.17126165658944,9099.0
2016-08-16,73.69302846099343,8282.0
2016-08-17,73.7922844072492,5785.0
2016-08-18,74.0710131508711,6817.0
2016-08-19,74.17126165658944,4147.0
2016-08-22,74.34270374557669,5173.0
2016-08-23,74.9039510053139,57748.0
2016-08-24,74.57730870945399,32101.0
2016-08-25,74.91116961958704,17505.0
2016-08-26,74.63144831650258,10677.0
2016-08-29,75.02396046760497,13350.0
2016-08-30,75.39662142945622,5617.0
2016-08-31,75.32623994029302,14416.0
2016-09-01,75.17284438698864,36279.0
2016-09-02,75.62761708619692,6142.0
2016-09-06,75.3984260830245,18071.0
2016-09-07,76.18345038522928,12598.0
2016-09-08,75.85590576258521,9929.0
2016-09-09,73.82837747861493,12942.0
2016-09-12,74.4239131561496,14180.0
2016-09-13,73.28698140812888,10661.0
2016-09-14,73.06139971209302,9760.0
2016-09-15,73.78326113940776,24398.0
2016-09-16,73.39546905971324,9685.0
2016-09-19,73.84633667651829,6995.0
2016-09-20,73.59082685417734,6361.0
2016-09-21,74.58488000368308,9023.0
2016-09-22,75.19912125511442,11220.0
2016-09-23,74.88109693854493,24850.0
2016-09-26,74.12692498782303,4953.0
2016-09-27,74.26322112349567,11839.0
2016-09-28,74.77206003000683,9063.0
2016-09-29,73.85433271647776,9433.0
2016-09-30,74.47675173604945,8109.0
2016-10-03,73.69032303321836,8530.0
2016-10-04,73.20919767429396,3739.0
2016-10-05,73.62708162626625,8310.0
2016-10-06,73.4090986732805,16831.0
2016-10-07,73.07290153862132,10442.0
2016-10-10,73.82707348934323,1902.0
2016-10-11,72.66837460794495,11736.0
2016-10-12,73.11288173841864,11655.0
2016-10-13,72.38233445121331,10540.0
2016-10-14,72.64584031351374,8346.0
2016-10-17,72.52771699593079,8107.0
2016-10-18,72.91025481671865,6476.0
2016-10-19,73.30914817378724,5850.0
2016-10-20,73.03201269791954,10366.0
2016-10-21,72.84574131250027,6067.0
2016-10-24,73.52104323271296,4296.0
2016-10-25,73.19102485620428,15495.0
2016-10-26,72.95477822103838,16474.0
2016-10-27,72.8093956763209,9350.0
2016-10-28,72.79576606275363,11583.0
2016-10-31,73.3682098325787,4019.0
2016-11-01,72.36416163312363,8951.0
2016-11-02,71.81897709043311,21696.0
2016-11-03,72.03705090750931,9457.0
2016-11-04,72.28238395172005,5954.0
2016-11-07,73.73620939889481,6449.0
2016-11-08,73.6907773536706,11943.0
2016-11-09,76.00781166010538,19131.0
2016-11-10,77.20721765402455,45090.0
2016-11-11,79.21531405293469,10310.0
2016-11-14,80.69639872724397,135761.0
2016-11-15,80.94173177145471,23554.0
2016-11-16,80.66923036419989,18689.0
2016-11-17,81.30518813324841,26587.0
2016-11-18,81.84128626689409,21543.0
2016-11-21,81.95940958447704,47291.0
2016-11-22,82.88622330705095,21594.0
2016-11-23,83.18607480553074,25361.0
2016-11-25,83.67674089395223,5855.0
2016-11-28,82.74084076233348,9566.0
2016-11-29,83.10429712412716,11124.0
2016-11-30,82.84079126182674,43342.0
2016-12-01,82.9932612055992,5455.0
2016-12-02,82.5318533543021,24587.0
2016-12-05,83.71308653013159,77108.0
2016-12-06,84.7671099793333,17746.0
2016-12-07,85.83131020666522,9522.0
2016-12-08,87.06597146767838,44451.0
2016-12-09,87.32039092093396,42026.0
2016-12-12,86.2300218355529,30264.0
2016-12-13,86.30271310791164,27389.0
2016-12-14,85.54854115718973,30811.0
2016-12-15,86.46626847071879,16774.0
2016-12-16,86.17174160793928,39994.0
2016-12-19,86.54046964220517,11893.0
2016-12-20,87.33323491587684,26325.0
2016-12-21,86.9552886807543,15799.0
2016-12-22,86.46672403535199,29439.0
2016-12-23,86.73405186019477,8553.0
2016-12-27,87.25027110816703,16297.0
2016-12-28,86.82623386876124,16525.0
2016-12-29,86.82623386876124,15886.0
2016-12-30,86.12565060365604,7727.0
2017-01-03,86.623433449915,9434.0
2017-01-04,87.52681713386644,9863.0
2017-01-05,86.40219662935546,40774.0
2017-01-06,85.92285018480979,53461.0
2017-01-09,84.90884809057859,21620.0
2017-01-10,85.67395876168032,23800.0
2017-01-11,85.96894118909304,10829.0
2017-01-12,84.84432068458207,8708.0
2017-01-13,85.67395876168032,12978.0
2017-01-17,84.09764641519364,11643.0
2017-01-18,84.56777465888264,7464.0
2017-01-19,83.84875499206414,12511.0
2017-01-20,84.15295562033351,17208.0
2017-01-23,83.8026639877809,13207.0
2017-01-24,84.90884809057859,21383.0
2017-01-25,85.85832277881327,14216.0
2017-01-26,85.66474056082367,19127.0
2017-01-27,85.36975813341095,15102.0
2017-01-30,84.08842821433699,18751.0
2017-01-31,84.26357403061327,10296.0
2017-02-01,84.2267012271867,20163.0
2017-02-02,83.6459545732179,6580.0
2017-02-03,84.82588428286876,15771.0
2017-02-06,84.09764641519364,7698.0
2017-02-07,83.83031859035086,9208.0
2017-02-08,83.24957193638207,12120.0
2017-02-09,84.24513762889998,17855.0
2017-02-10,84.88110130600008,11431.0
2017-02-13,85.03790290257166,13708.0
2017-02-14,85.36975813341095,70526.0
2017-02-15,85.96894118909304,20033.0
2017-02-16,86.10721420194274,9454.0
2017-02-17,85.91363198395315,20948.0
2017-02-21,86.49437863792193,9768.0
2017-02-22,86.20861441136586,6484.0
2017-02-23,86.14408700536934,9374.0
2017-02-24,85.62786775739708,24262.0
2017-02-27,86.18095980879592,11359.0
2017-02-28,84.90709663241583,11932.0
2017-03-01,86.5681242447751,35880.0
2017-03-02,85.31306619814258,8719.0
2017-03-03,85.29601252655779,26854.0
2017-03-06,84.80283878072716,8689.0
2017-03-07,84.20826482547339,22837.0
2017-03-08,83.92618787925998,19245.0
2017-03-09,83.30488114152196,5380.0
2017-03-10,83.6459545732179,4811.0
2017-03-13,84.08842821433699,10017.0
2017-03-14,83.90406419720404,6008.0
2017-03-15,84.78901147944218,10364.0
2017-03-16,84.92728449229189,12838.0
2017-03-17,85.92204082677458,7300.0
2017-03-20,84.97166994977837,5900.0
2017-03-21,82.86826877800392,12432.0
2017-03-22,82.02348438305764,13795.0
2017-03-23,82.63229548332619,3528.0
2017-03-24,82.90981858557659,4630.0
2017-03-27,83.02558430778907,7521.0
2017-03-28,83.69186184570268,12190.0
2017-03-29,83.73554003985478,4225.0
2017-03-30,84.75864621473988,9310.0
2017-03-31,84.7190397166528,106400.0
2017-04-03,83.65484642692971,8256.0
2017-04-04,83.78949001271641,7358.0
2017-04-05,82.94229961554987,5032.0
2017-04-06,83.79365424732836,8240.0
2017-04-07,83.74738497386214,3978.0
2017-04-10,83.7566388285554,5473.0
2017-04-11,84.75605513542578,7112.0
2017-04-12,83.9694774865,24848.0
2017-04-13,83.09961514533502,6346.0
2017-04-17,84.0527621787392,5488.0
2017-04-18,84.20082385383111,8232.0
2017-04-19,84.44142407585548,5080.0
2017-04-20,85.27427099824747,5061.0
2017-04-21,85.38439186909709,7955.0
2017-04-24,85.95905624554756,3820.0
2017-04-25,86.81041087732605,4358.0
2017-04-26,87.58903021121563,2536.0
2017-04-27,87.09728037281663,7471.0
2017-04-28,86.02670192335518,12615.0
2017-05-01,85.95905624554756,6604.0
2017-05-02,85.80895872242314,14090.0
2017-05-03,85.31230434103671,5638.0
2017-05-04,84.94113222929067,3094.0
2017-05-05,85.19987000651378,2914.0
2017-05-08,85.00378082556394,6325.0
2017-05-09,85.01516306683664,4080.0
2017-05-10,85.0056315965026,4742.0
2017-05-11,84.63408933056883,4569.0
2017-05-12,83.99603604946961,10294.0
2017-05-15,84.45012269926713,2020.0
2017-05-16,84.21933156321761,46161.0
2017-05-17,82.95886401545079,72132.0
2017-05-18,82.99782274370934,6357.0
2017-05-19,83.37204862750414,6819.0
2017-05-22,83.79365424732836,1952.0
2017-05-23,84.08024612717814,5373.0
2017-05-24,84.25634698199059,3582.0
2017-05-25,84.28568170136816,4485.0
2017-05-26,84.21007770852437,4786.0
2017-05-30,83.82012027175104,10368.0
2017-05-31,83.82039788739185,8101.0
2017-06-01,85.26501714355423,16143.0
2017-06-02,85.5972305270417,6838.0
2017-06-05,84.98388503797347,12706.0
2017-06-06,84.92262451990418,12244.0
2017-06-07,84.76530899011902,5740.0
2017-06-08,85.76472529698944,4710.0
2017-06-09,86.50836506013854,5443.0
2017-06-12,86.62533378346116,4557.0
2017-06-13,86.83817244140579,6185.0
2017-06-14,86.46801825367601,3648.0
2017-06-15,86.16264104879893,11123.0
2017-06-16,85.98974480386678,4330.0
2017-06-19,86.10079207769667,5175.0
2017-06-20,85.18646565473047,4958.0
2017-06-21,84.75604121311848,3166.0
2017-06-22,84.89471079878042,3689.0
2017-06-23,85.17307301869069,10905.0
2017-06-26,85.61651807867469,7373.0
2017-06-27,85.18274547805275,6858.0
2017-06-28,85.97765422966418,3648.0
2017-06-29,85.83377639665345,5708.0
2017-06-30,85.84242580742914,2132.0
2017-07-03,86.40110334000548,1969.0
2017-07-05,85.61354193733253,8526.0
2017-07-06,84.63020623699467,13123.0
2017-07-07,85.51467824212216,12743.0
2017-07-10,84.95023443569536,15724.0
2017-07-11,85.00929224045413,4028.0
2017-07-12,85.5175613790474,7424.0
2017-07-13,85.56871380836601,5834.0
2017-07-14,85.88399878180263,4364.0
2017-07-17,85.90817993020781,14277.0
2017-07-18,85.82075577828142,12633.0
2017-07-19,86.5128946491709,2799.0
2017-07-20,86.80771865088006,3855.0
2017-07-21,86.59650562000262,3362.0
2017-07-24,86.45792903875761,5100.0
2017-07-25,87.08598786637339,9197.0
2017-07-26,87.17490008897086,2044.0
2017-07-27,86.59641261558568,5500.0
2017-07-28,86.40835768452702,3866.0
2017-07-31,86.55456062796134,4200.0
2017-08-01,86.67193220214335,3787.0
2017-08-02,85.78439105125673,3265.0
2017-08-03,85.48798597445953,3061.0
2017-08-04,85.90036755918459,1399.0
2017-08-07,85.6606951767226,8006.0
2017-08-08,85.92947794168774,2506.0
2017-08-09,84.78617464420799,5231.0
2017-08-10,83.83752959138985,7029.0
2017-08-11,83.79697966560272,15873.0
2017-08-14,84.95283855936977,2655.0
2017-08-15,84.35454114517573,4051.0
2017-08-16,84.31166610896504,3211.0
2017-08-17,83.22965272225069,18067.0
2017-08-18,83.09609837952061,5136.0
2017-08-21,83.05852459507565,5790.0
2017-08-22,83.584557577305,4191.0
2017-08-23,83.54121751900959,3752.0
2017-08-24,83.63915117005052,6432.0
2017-08-25,84.2806026337061,4986.0
2017-08-28,84.24340086692891,5346.0
2017-08-29,83.94578673271145,13181.0
2017-08-30,84.1496524146504,6094.0
2017-08-31,84.94093399400107,7991.0
2017-09-01,85.39665563702154,9469.0
2017-09-05,84.26851205950351,4621.0
2017-09-06,84.62471897639502,4668.0
2017-09-07,83.88998408254568,2426.0
2017-09-08,84.45731102589771,5554.0
2017-09-11,85.43385740379873,2529.0
2017-09-12,85.80364296556392,3321.0
2017-09-13,85.81824465902397,4024.0
2017-09-14,85.89125312632419,4456.0
2017-09-15,86.17589593451059,6452.0
2017-09-18,86.85486774689882,3956.0
2017-09-19,86.75427586455079,6172.0
2017-09-20,87.27632434047608,10340.0
2017-09-21,87.21372343881019,53260.0
2017-09-22,87.49154418177885,7525.0
2017-09-25,87.57454418144648,19423.0
2017-09-26,88.24013493413632,10498.0
2017-09-27,89.58759828837975,9648.0
2017-09-28,89.75266254927458,4996.0
2017-09-29,89.62502782599763,8524.0
2017-10-02,90.49077303109904,4617.0
2017-10-03,90.6112961422286,8549.0
2017-10-04,90.66369749489361,6250.0
2017-10-05,90.98184856464555,4176.0
2017-10-06,90.72470764121076,3989.0
2017-10-09,90.63562534168021,2648.0
2017-10-10,90.91887336760347,3865.0
2017-10-11,91.0847797930947,3709.0
2017-10-12,90.98184856464555,19916.0
2017-10-13,90.9893344721691,7189.0
2017-10-16,90.91017100010731,5389.0
2017-10-17,90.55159602972809,5169.0
2017-10-18,91.10349456190363,4497.0
2017-10-19,90.78309771989463,9352.0
2017-10-20,90.9631337958366,7825.0
2017-10-23,90.63562534168021,4510.0
2017-10-24,90.72919918572488,7837.0
2017-10-25,90.34554642514169,6466.0
2017-10-26,90.2988530769634,8437.0
2017-10-27,90.63562534168021,11190.0
2017-10-30,89.23201768100996,8786.0
2017-10-31,89.93382151134509,6167.0
2017-11-01,89.52209659754848,16126.0
2017-11-02,90.0461101241987,21937.0
2017-11-03,89.54081136635742,28053.0
2017-11-06,89.512739213144,15053.0
2017-11-07,88.70800415435973,60009.0
2017-11-08,88.67993200114633,25468.0
2017-11-09,88.53957123507931,17088.0
2017-11-10,88.49278431305696,6529.0
2017-11-13,88.74543369197761,6615.0
2017-11-14,88.95129614887591,9651.0
2017-11-15,88.52085646627036,51321.0
2017-11-16,89.55016875076188,43829.0
2017-11-17,89.91510674253615,5466.0
2017-11-20,90.37361857835509,5625.0
2017-11-21,91.16899625273491,12366.0
2017-11-22,91.15028148392597,18200.0
2017-11-24,90.88743255600444,1060.0
2017-11-27,90.76662872334276,7886.0
2017-11-28,92.17023638401301,5472.0
2017-11-29,93.07790267124643,9021.0
2017-11-30,92.52572341753877,9111.0
2017-12-01,92.12344946199067,33605.0
2017-12-04,92.37113942717694,8383.0
2017-12-05,91.60879331974492,7197.0
2017-12-06,91.15963886833043,3130.0
2017-12-07,91.13166028896107,9755.0
2017-12-08,90.93833672716475,6701.0
2017-12-11,90.59819580406233,216807.0
2017-12-12,90.49526457561318,28183.0
2017-12-13,90.91634687381425,14017.0
2017-12-14,90.03675273979424,4096.0
2017-12-15,91.34413841663334,32788.0
2017-12-18,92.0013764221679,183586.0
2017-12-19,91.12535769027184,11190.0
2017-12-20,91.11550359932109,39478.0
2017-12-21,91.41411241601102,18250.0
2017-12-22,91.13541085376708,27644.0
2017-12-26,91.18517898988206,24402.0
2017-12-27,91.13541085376708,52787.0
2017-12-28,91.493741433795,29965.0
2017-12-29,90.92638468208412,81958.0
2018-01-02,91.13541085376708,47459.0
2018-01-03,90.86666291874614,47398.0
2018-01-04,90.86666291874614,19496.0
2018-01-05,90.93633830930713,114118.0
2018-01-08,91.33448339822704,15567.0
2018-01-09,91.0617540123169,14372.0
2018-01-10,90.81689478263115,38625.0
2018-01-11,92.25021710274284,26574.0
2018-01-12,92.10091269439786,37952.0
2018-01-16,91.88422222975319,14111.0
2018-01-17,92.45924327442577,18243.0
2018-01-18,91.72924425389112,27530.0
2018-01-19,92.58864042832474,37671.0
2018-01-22,92.87729561779169,11006.0
2018-01-23,92.78024775236746,18021.0
2018-01-24,92.27012435718882,12827.0
2018-01-25,92.61850130999373,18392.0
2018-01-26,92.42938239275678,25981.0
2018-01-29,91.6471268293014,13226.0
2018-01-30,91.14536448099007,11971.0
2018-01-31,90.68749762873219,17704.0
2018-02-01,90.78703390096216,14195.0
2018-02-02,89.56273775253345,15856.0
2018-02-05,86.03915371559225,20363.0
2018-02-06,87.13484900029984,33765.0
2018-02-07,86.96484104733105,101740.0
2018-02-08,85.3934619176364,10991.0
2018-02-09,85.27272441942142,34803.0
2018-02-12,86.33776253228217,9523.0
2018-02-13,86.50199738146165,8627.0
2018-02-14,87.41842783988304,5818.0
2018-02-15,88.09955455075279,43879.0
2018-02-16,88.84597705620537,8025.0
2018-02-20,87.59809081125816,325356.0
2018-02-21,88.20197737487742,10291.0
2018-02-22,87.6699559998082,7894.0
2018-02-23,88.4479315035577,9396.0
2018-02-26,88.99279305774459,11260.0
2018-02-27,88.04471006475406,8977.0
2018-02-28,87.12847867887713,11603.0
2018-03-01,86.41739155006616,9218.0
2018-03-02,87.270815548166,3958.0
2018-03-05,88.18953534084866,12379.0
2018-03-06,88.8659838469236,12770.0
2018-03-07,89.78161801516715,6030.0
2018-03-08,89.32375116290928,4212.0
2018-03-09,90.44861057538024,14394.0
2018-03-12,90.89652380041512,9909.0
2018-03-13,90.43865694815725,7741.0
2018-03-14,90.10341878328668,10573.0
2018-03-15,89.87627701005788,3132.0
2018-03-16,90.6681,7083.0
2018-03-19,89.835,17346.0
2018-03-20,89.95,3909.0
2018-03-21,89.98,8120.0
2018-03-22,88.6,6191.0
2018-03-23,86.9816,6249.0
2018-03-26,88.4003,4545.0
2018-03-27,87.4748,5720.0
2018-03-28,88.0614,4868.0
2018-03-29,88.7646,4171.0
2018-04-02,87.2302,8923.0
2018-04-03,88.1116,6245.0
2018-04-04,89.0321,37411.0
2018-04-05,89.45,4130.0
2018-04-06,88.232,11777.0
2018-04-09,88.3015,5792.0
2018-04-10,89.3732,5037.0
2018-04-11,89.1012,8482.0
2018-04-12,89.19,6408.0
2018-04-13,88.93,5027.0
2018-04-16,90.07,6069.0
2018-04-17,90.46,17980.0
2018-04-18,90.58,8024.0
2018-04-19,90.115,8264.0
2018-04-20,89.54,12686.0
2018-04-23,89.807,4061.0
2018-04-24,89.78,5496.0
2018-04-25,89.77,9047.0
2018-04-26,89.99,2948.0
2018-04-27,90.0342,6353.0
2018-04-30,89.37,7662.0
2018-05-01,89.6263,5098.0
2018-05-02,89.69,5242.0
2018-05-03,89.481,5423.0
2018-05-04,90.5884,5097.0
2018-05-07,90.9166,6232.0
2018-05-08,91.18,4366.0
2018-05-09,91.4,4841.0
2018-05-10,91.75,8682.0
2018-05-11,91.773,13035.0
2018-05-14,91.145,7852.0
2018-05-15,91.1238,7527.0
2018-05-16,91.73,2546.0
2018-05-17,92.08,14073.0
2018-05-18,92.04,4168.0
2018-05-21,92.8448,5070.0
2018-05-22,92.6598,5511.0
2018-05-23,92.74,8012.0
2018-05-24,92.934,5079.0
2018-05-25,93.0938,4453.0
2018-05-29,93.19,8951.0
2018-05-30,94.3621,3638.0
2018-05-31,93.648,4597.0
2018-06-01,94.16,7458.0
2018-06-04,94.584,5269.0
2018-06-05,95.05,5084.0
2018-06-06,95.2147,5377.0
2018-06-07,95.6722,3883.0
2018-06-08,95.5871,3989.0
2018-06-11,95.685,3395.0
2018-06-12,95.6135,4564.0
2018-06-13,95.2864,4162.0
2018-06-14,95.665,4118.0
2018-06-15,95.28,2354.0
2018-06-18,95.735,4756.0
2018-06-19,95.91,7333.0
2018-06-20,96.618,5859.0
2018-06-21,96.082,13098.0
2018-06-22,96.37,5550.0
2018-06-25,95.696,30271.0
