date,open,low,high,volume,close,Name 
1/2/2014,187.21,185.2,187.4,4546500,185.53,IBM
1/3/2014,185.83,185.3,187.35,4063200,186.64,IBM
1/6/2014,187.15,185.3,187.355,4067800,186,IBM
1/7/2014,186.39,186.38,190.35,5932300,189.71,IBM
1/8/2014,189.33,187.26,189.4175,4603700,187.97,IBM
1/9/2014,189.02,186.55,189.5,4321300,187.38,IBM
1/10/2014,188.31,186.28,188.57,4022400,187.26,IBM
1/13/2014,186.26,183.86,186.95,5784700,184.16,IBM
1/14/2014,185.06,183.8818,186.428,4619200,185.92,IBM
1/15/2014,185.82,185.49,188.65,4816500,187.74,IBM
1/16/2014,187.53,186.8,188.99,4770300,188.76,IBM
1/17/2014,188.04,187.86,190.81,7644600,190.09,IBM
1/21/2014,190.23,186.79,190.39,11076300,188.43,IBM
1/22/2014,181.28,179.67,183.5,13796100,182.25,IBM
1/23/2014,181.43,180.71,183.72,6973900,182.73,IBM
1/24/2014,181.25,179.64,182.8141,6890600,179.64,IBM
1/27/2014,179.605,177.66,179.65,5208600,177.9,IBM
1/28/2014,178.05,176.16,178.45,5333300,176.85,IBM
1/29/2014,175.98,175.89,178.53,4970900,176.4,IBM
1/30/2014,177.17,176.36,177.86,4853700,177.36,IBM
1/31/2014,176.11,175.34,177.835,5193400,176.68,IBM
2/3/2014,176.02,172.72,176.02,7186800,172.9,IBM
2/4/2014,173.53,172.36,173.75,4349800,172.84,IBM
2/5/2014,172.19,172.19,174.97,4712300,174.24,IBM
2/6/2014,173.97,173.79,174.85,4292200,174.67,IBM
2/7/2014,175.64,175.07,177.56,4692900,177.25,IBM
2/10/2014,176.97,176.25,177.65,3540400,177.14,IBM
2/11/2014,176.81,176.8,180.39,4647300,179.7,IBM
2/12/2014,179.52,179.26,181.25,3983000,180.24,IBM
2/13/2014,178.22,177.86,182.36,4482000,181.84,IBM
2/14/2014,181.26,180.99,184.43,4659900,183.69,IBM
2/18/2014,183.18,182.32,184,4435200,183.19,IBM
2/19/2014,182.74,182.41,185.65,4671500,182.95,IBM
2/20/2014,182.96,182.79,184.8599,4968200,184.26,IBM
2/21/2014,184.25,182.62,185.71,5699300,182.79,IBM
2/24/2014,182.82,182.82,185.16,4595300,183.45,IBM
2/25/2014,183.52,182.88,184.6,3902300,183.23,IBM
2/26/2014,183.94,183.56,185.28,3740700,184.06,IBM
2/27/2014,183.83,183.81,185.95,3827800,185.27,IBM
2/28/2014,185.38,183.65,186.12,4667900,185.17,IBM
3/3/2014,183.33,182.82,184.64,3950100,184.26,IBM
3/4/2014,185.81,185.68,187.16,4733000,186.44,IBM
3/5/2014,186.57,186.4,187.95,3485200,187.14,IBM
3/6/2014,187.37,186.9,188.39,3817300,187.64,IBM
3/7/2014,188.35,187.18,188.92,4117800,187.68,IBM
3/10/2014,187.55,185.849,188.37,4591200,186.39,IBM
3/11/2014,187.41,186.04,188.45,4229500,186.76,IBM
3/12/2014,186.01,185.89,187.45,4833000,186.22,IBM
3/13/2014,186.41,183.71,187,4913200,183.9,IBM
3/14/2014,183.89,182.21,184.29,5490300,182.21,IBM
3/17/2014,182.66,182.66,186.35,4938100,185.81,IBM
3/18/2014,185.99,185.54,187.9,3961300,186.81,IBM
3/19/2014,185.6,183.5001,186.7,4323900,184.71,IBM
3/20/2014,184.47,184.17,188.26,5062600,187.9,IBM
3/21/2014,188.5,186.4,188.7,12535200,186.67,IBM
3/24/2014,187.43,187.37,189.44,5738500,188.25,IBM
3/25/2014,188.76,188.7,195.395,10912700,195.04,IBM
3/26/2014,194.98,191.96,195.63,6851700,192.62,IBM
3/27/2014,191.91,189.322,192.67,6767700,189.83,IBM
3/28/2014,189.94,189.11,192.62,5194400,190.45,IBM
3/31/2014,191.64,191.4,193.77,8537300,192.49,IBM
4/1/2014,193.12,192.78,195.13,5394100,194.5,IBM
4/2/2014,194.24,192.49,194.5,4924100,193.55,IBM
4/3/2014,193.2,192.35,193.38,4091100,192.69,IBM
4/4/2014,193.12,191.28,193.97,6089900,191.77,IBM
4/7/2014,191.72,191.57,195.309,6740500,194.52,IBM
4/8/2014,193.89,192.6898,194.1675,5125000,193.29,IBM
4/9/2014,193.88,193.6,197,5480100,196.64,IBM
4/10/2014,196.06,195.66,199.21,8417900,195.68,IBM
4/11/2014,195.04,194.27,197,4835000,195.19,IBM
4/14/2014,196.24,195.88,198.24,5431100,197.77,IBM
4/15/2014,195.98,195.42,197.41,5351300,197.02,IBM
4/16/2014,198.05,195,198.71,8527300,196.4,IBM
4/17/2014,187.25,187.01,190.7,11255500,190.01,IBM
4/21/2014,189.8,189.74,192.805,5419700,192.27,IBM
4/22/2014,192.01,191.2,193,3878600,192.15,IBM
4/23/2014,191.79,190.11,192.41,4736400,191.73,IBM
4/24/2014,192.22,190.03,192.22,4407100,190.22,IBM
4/25/2014,190.54,189.11,190.67,3871000,189.63,IBM
4/28/2014,191.14,190.58,193.99,5638300,193.14,IBM
4/29/2014,193.59,193.41,195.94,4626300,195.11,IBM
4/30/2014,194.38,194.35,196.86,4206800,196.47,IBM
5/1/2014,196.31,193.15,196.74,3674000,193.53,IBM
5/2/2014,193.75,191.25,193.84,3049900,191.44,IBM
5/5/2014,191.05,189.8,191.49,2222100,191.26,IBM
5/6/2014,190.93,189.25,190.95,3188700,190.03,IBM
5/7/2014,189.34,186.93,190.3,3821000,189.3,IBM
5/8/2014,189.16,188.23,190.57,2431900,188.91,IBM
5/9/2014,188.98,188.37,190.5854,2261600,190.08,IBM
5/12/2014,191.12,190.94,193.02,3777400,192.57,IBM
5/13/2014,192.79,191.76,193.03,2226600,192.19,IBM
5/14/2014,191.91,188.17,191.99,5251500,188.72,IBM
5/15/2014,189.07,186.18,189.08,4202200,186.46,IBM
5/16/2014,186.27,185.93,187.41,3949500,187.06,IBM
5/19/2014,186.61,186.04,187.13,3270700,187,IBM
5/20/2014,186.25,184.7,186.7,3026500,184.89,IBM
5/21/2014,185.85,184.95,187.16,2988000,186.39,IBM
5/22/2014,186.45,185.03,186.45,2218000,185.68,IBM
5/23/2014,185.84,185.3101,186.14,2562900,185.94,IBM
5/27/2014,184.8,183.93,185.65,4793800,184.78,IBM
5/28/2014,184.48,182.94,184.88,3721600,183.08,IBM
5/29/2014,183.64,182.33,183.78,2759900,183.76,IBM
5/30/2014,183.38,182.49,184.57,4620500,184.36,IBM
6/2/2014,184.76,184.67,186.2801,3200500,185.69,IBM
6/3/2014,185.55,184.12,185.76,2517100,184.37,IBM
6/4/2014,184.71,184.2,185.45,2376800,184.51,IBM
6/5/2014,184.66,183.92,186.09,2852200,185.98,IBM
6/6/2014,186.47,185.9,187.65,3296700,186.37,IBM
6/9/2014,186.22,185.96,187.64,2728400,186.22,IBM
6/10/2014,186.2,183.82,186.2199,4154900,184.29,IBM
6/11/2014,183.61,182.01,184.2,4061700,182.25,IBM
6/12/2014,182.48,180.91,182.55,4425300,181.22,IBM
6/13/2014,182,181.52,183,2773600,182.56,IBM
6/16/2014,182.4,181.235,182.71,3556200,182.35,IBM
6/17/2014,181.9,181.56,182.81,2460900,182.26,IBM
6/18/2014,182.04,181.79,183.61,3931800,183.6,IBM
6/19/2014,184.12,182.356,184.47,3551100,182.82,IBM
6/20/2014,182.59,181.4,182.67,10686800,181.55,IBM
6/23/2014,181.92,181,182.25,3231700,182.14,IBM
6/24/2014,181.5,180.65,183,3875400,180.88,IBM
6/25/2014,180.25,180.06,180.97,2762800,180.72,IBM
6/26/2014,180.87,179.27,181.37,3258500,180.37,IBM
6/27/2014,179.77,179.66,182.46,4575500,181.71,IBM
6/30/2014,181.33,180.26,181.93,4223800,181.27,IBM
7/1/2014,181.7,181.7,187.27,6643100,186.35,IBM
7/2/2014,186.34,186.17,188.99,5093000,188.39,IBM
7/3/2014,188.39,187.35,188.806,2422400,188.53,IBM
7/7/2014,187.61,187.44,188.27,2958700,188.04,IBM
7/8/2014,187.65,186.37,188.08,3135100,187.22,IBM
7/9/2014,187.68,186.89,188.9,3309600,188.42,IBM
7/10/2014,186.44,186.21,188.05,3177800,187.7,IBM
7/11/2014,187.73,186.705,188.35,2402500,188,IBM
7/14/2014,188.55,188.53,190.44,4501100,189.86,IBM
7/15/2014,189.54,188.21,190.08,4864700,188.49,IBM
7/16/2014,192.24,190.76,193.36,7812600,192.36,IBM
7/17/2014,192.36,192,195.95,8872300,192.49,IBM
7/18/2014,191.96,190,193.44,8166400,192.5,IBM
7/21/2014,191.3,189.25,191.7,4154400,190.85,IBM
7/22/2014,191.59,191.56,194.72,4853000,194.09,IBM
7/23/2014,194.11,193.57,194.9,3584200,193.63,IBM
7/24/2014,193.95,193.75,195.62,3612700,195.24,IBM
7/25/2014,195.3,193.7901,195.9,3376400,194.4,IBM
7/28/2014,194.3,193.65,196.4,3242400,195.78,IBM
7/29/2014,195.3,194.54,195.89,3264100,194.57,IBM
7/30/2014,195.2,192.9,195.99,3943800,194,IBM
7/31/2014,192.84,191.54,194.29,4207500,191.67,IBM
8/1/2014,190.5,188.86,191.5,5181100,189.15,IBM
8/4/2014,189.35,188.6,189.95,2125900,189.64,IBM
8/5/2014,188.75,186.44,189.196,3307900,187.1,IBM
8/6/2014,185.36,184.44,186.88,3847000,185.97,IBM
8/7/2014,186.64,183.58,186.68,2708600,184.3,IBM
8/8/2014,184.4,183.58,186.67,2781500,186.63,IBM
8/11/2014,187.81,186.28,188.36,2527200,187.47,IBM
8/12/2014,187.45,186.81,188.69,1858600,187.34,IBM
8/13/2014,188,187.37,188.48,1797000,187.95,IBM
8/14/2014,187.57,186.93,188.17,1929500,187.88,IBM
8/15/2014,187.85,186.79,188.88,2814800,187.38,IBM
8/18/2014,188.1,187.76,189.81,2420300,189.36,IBM
8/19/2014,190.04,189.36,190.25,2040100,190.07,IBM
8/20/2014,189.86,189.25,190.39,2177600,190.1,IBM
8/21/2014,190.9,190.5,192.07,2496500,191.23,IBM
8/22/2014,190.77,190.29,191.88,1940300,190.41,IBM
8/25/2014,191.39,190.71,191.81,1723600,191.16,IBM
8/26/2014,191.02,191.02,193.53,3160900,192.99,IBM
8/27/2014,193.03,191.56,194.133,2190200,192.25,IBM
8/28/2014,191.47,190.66,192.2986,1503600,192,IBM
8/29/2014,192.28,191.14,192.75,2909400,192.3,IBM
9/2/2014,192.68,190.93,192.97,2679700,191.56,IBM
9/3/2014,192.39,191.86,192.95,1822800,191.95,IBM
9/4/2014,191.69,190.06,192.69,2865000,190.68,IBM
9/5/2014,190.53,190.09,191.75,2260200,191.2,IBM
9/8/2014,190.75,189.51,191.2,2524200,190.14,IBM
9/9/2014,190.34,189.78,190.74,2390400,189.99,IBM
9/10/2014,190.12,190.1,192.15,2764000,191.54,IBM
9/11/2014,191.08,190.12,192.78,2298500,191.72,IBM
9/12/2014,191.47,190.57,191.6,2901000,191.28,IBM
9/15/2014,191.42,190.58,192.49,2456400,191.81,IBM
9/16/2014,191.25,190.82,193.57,2561500,192.96,IBM
9/17/2014,193.22,192.3,193.64,3210800,192.8,IBM
9/18/2014,192.79,192.71,194.13,2963300,193.75,IBM
9/19/2014,194.54,193.19,195,8852000,194,IBM
9/22/2014,193.72,192.63,194.14,3266955,193.11,IBM
9/23/2014,192.75,191.52,193.07,3257449,191.62,IBM
9/24/2014,191,189.88,192.45,3076722,192.31,IBM
9/25/2014,192.05,188.97,192.5,4114751,189.01,IBM
9/26/2014,188.93,188.61,190.33,2494024,190.06,IBM
9/29/2014,188.51,188.12,189.96,2344723,189.64,IBM
9/30/2014,189.64,189.15,190.85,2929335,189.83,IBM
10/1/2014,189.91,186.79,190.4,3723166,187.17,IBM
10/2/2014,187.66,186.24,187.78,2283619,186.91,IBM
10/3/2014,188.11,187.56,189.37,3071521,188.67,IBM
10/6/2014,189.69,188.71,190.89,2100191,189.04,IBM
10/7/2014,187.77,185.54,188.12,2994065,185.71,IBM
10/8/2014,185.97,185.61,189.6,2985329,189.36,IBM
10/9/2014,189.12,186.09,189.5,2625509,186.42,IBM
10/10/2014,185.86,185.1,187.74,5090177,185.93,IBM
10/13/2014,185.49,183.42,186.65,3599924,183.52,IBM
10/14/2014,184.89,183.59,185.72,3924974,183.8,IBM
10/15/2014,182.46,178.7488,183.79,6897656,181.75,IBM
10/16/2014,179.8,178.69,181.48,5578572,179.84,IBM
10/17/2014,181.24,180.22,182.84,4354442,182.05,IBM
10/20/2014,166.845,166.69,170.331,23408902,169.1,IBM
10/21/2014,166.4,161.68,166.68,20952120,163.23,IBM
10/22/2014,162.41,161.1,165.41,11088493,161.79,IBM
10/23/2014,162.12,161.54,162.83,7599510,162.18,IBM
10/24/2014,162.08,161.45,162.44,6652321,162.08,IBM
10/27/2014,162,161.81,162.91,4989213,161.87,IBM
10/28/2014,162,161.8,163.6,7896863,163.6,IBM
10/29/2014,164.33,162.76,164.615,4741689,163.46,IBM
10/30/2014,163.5,163.02,164.62,3895979,164.35,IBM
10/31/2014,165.48,163.6165,165.59,5818375,164.4,IBM
11/3/2014,164.25,163.375,164.54,4691074,164.36,IBM
11/4/2014,164.34,162.24,164.36,4246854,162.65,IBM
11/5/2014,163.13,161.56,163.54,4103003,161.82,IBM
11/6/2014,161.28,160.05,161.53,4067587,161.46,IBM
11/7/2014,161.42,160.85,162.2069,3494803,162.07,IBM
11/10/2014,161.9,161.61,164.47,4958236,163.49,IBM
11/11/2014,163.7,162.6,163.9,3535694,163.3,IBM
11/12/2014,162.28,161.76,163,3377798,161.92,IBM
11/13/2014,162,161.8,162.8,3239726,162.79,IBM
11/14/2014,162.1,161.69,164.49,4976697,164.16,IBM
11/17/2014,164.16,163.72,164.97,4798933,164.16,IBM
11/18/2014,164.73,161.89,164.75,5412495,161.89,IBM
11/19/2014,162.05,160.96,162.1,3802175,161.43,IBM
11/20/2014,160.95,159.8,161.5,4182746,160.64,IBM
11/21/2014,161.83,160.75,161.95,4076868,160.92,IBM
11/24/2014,161.54,161.06,163.86,6618779,162.15,IBM
11/25/2014,162.65,161.56,163.5,4062378,161.76,IBM
11/26/2014,161.93,161.01,162.1,3967223,161.95,IBM
11/28/2014,162.75,161.44,163.37,2405512,162.17,IBM
12/1/2014,161.64,161.35,163.315,4168384,161.54,IBM
12/2/2014,162.47,161.64,162.73,3465747,162.67,IBM
12/3/2014,162.47,162,164.52,6434994,164.52,IBM
12/4/2014,164.01,163.01,164.5,3862816,164.05,IBM
12/5/2014,163.61,162.91,164.5,3013500,163.27,IBM
12/8/2014,163.29,161.54,163.29,2851383,161.86,IBM
12/9/2014,160.84,160.8,163.02,3865785,162.99,IBM
12/10/2014,163.01,160.03,163.33,4081714,160.51,IBM
12/11/2014,160.82,160.52,162.93,3987625,161.07,IBM
12/12/2014,160.25,155.33,160.5,8611249,155.38,IBM
12/15/2014,155.93,152.84,156.739,6500311,153.06,IBM
12/16/2014,152.03,150.5,154.89,6782173,151.41,IBM
12/17/2014,151.52,151.11,153.308,5139465,151.93,IBM
12/18/2014,153.58,153.3,157.68,7301971,157.68,IBM
12/19/2014,157.49,157.49,160.41,8864850,158.51,IBM
12/22/2014,158.33,158.33,161.91,4682509,161.44,IBM
12/23/2014,162.23,161.61,162.9,4044120,162.24,IBM
12/24/2014,162.88,161.61,162.99,1869977,161.82,IBM
12/26/2014,162.27,162.01,163.09,1912310,162.34,IBM
12/29/2014,162,159.45,162.34,3331833,160.51,IBM
12/30/2014,160.02,159.79,160.82,2829904,160.05,IBM
12/31/2014,160.41,160.38,161.5,4011909,160.44,IBM
1/2/2015,161.31,161,163.31,5525341,162.06,IBM
1/5/2015,161.27,159.19,161.27,4880389,159.51,IBM
1/6/2015,159.67,155.17,159.96,6145670,156.07,IBM
1/7/2015,157.2,154.03,157.2,4701015,155.05,IBM
1/8/2015,156.24,155.55,159.044,4240585,158.42,IBM
1/9/2015,158.42,157.25,160.34,4472701,159.11,IBM
1/12/2015,159,155.76,159.25,4187588,156.44,IBM
1/13/2015,157.26,155.68,159.97,4386989,156.81,IBM
1/14/2015,154.86,153.74,156.49,4689740,155.8,IBM
1/15/2015,156.69,154.16,156.97,4251698,154.57,IBM
1/16/2015,153.82,153.82,157.63,5756041,157.14,IBM
1/20/2015,156.7,154.03,157.33,8380815,156.95,IBM
1/21/2015,153.03,151.07,154.5,11896012,152.09,IBM
1/22/2015,151.94,151.76,155.72,6119523,155.39,IBM
1/23/2015,155.03,154.89,157.6,4834447,155.87,IBM
1/26/2015,158.26,155.77,159.46,7888037,156.36,IBM
1/27/2015,154.94,152.59,155.09,5659568,153.67,IBM
1/28/2015,154,151.55,154.53,4495633,151.55,IBM
1/29/2015,151.38,149.52,155.58,8320622,155.48,IBM
1/30/2015,153.91,153.04,155.24,6563447,153.31,IBM
2/2/2015,154,151.51,154.66,4712017,154.66,IBM
2/3/2015,154.75,154.75,158.6,5539406,158.47,IBM
2/4/2015,157.21,156.7,158.71,3678339,156.96,IBM
2/5/2015,157.29,157.1501,158.59,5253628,157.91,IBM
2/6/2015,157.34,156.23,158.08,3256440,156.72,IBM
2/9/2015,156,155.4,157.5,3057502,155.75,IBM
2/10/2015,156.74,155.08,158.56,4440614,158.56,IBM
2/11/2015,157.76,157.17,159.09,3626658,158.2,IBM
2/12/2015,158.72,158.09,159.5,3333063,158.52,IBM
2/13/2015,158.78,158.64,160.8,3706919,160.4,IBM
2/17/2015,159.75,159.73,161.41,2893590,160.96,IBM
2/18/2015,161.86,160.64,162.47,4358252,162.19,IBM
2/19/2015,162.05,161.44,164.49,3504269,163.89,IBM
2/20/2015,163.64,162.09,164.34,3352781,163.65,IBM
2/23/2015,164.23,162.5,164.4,2714434,162.91,IBM
2/24/2015,162.49,161.51,164.99,4701626,164.83,IBM
2/25/2015,164.94,162.58,164.96,4004559,162.81,IBM
2/26/2015,163.74,159.77,164.14,7110571,160.87,IBM
2/27/2015,161.05,160.16,162.29,4410037,161.94,IBM
3/2/2015,161.68,159.8101,161.89,5917812,160.48,IBM
3/3/2015,160.27,160,161.75,3234068,161.03,IBM
3/4/2015,160.54,158.72,160.56,3633335,159.42,IBM
3/5/2015,159.86,159.703,161.5,3791660,161.18,IBM
3/6/2015,160.19,158.06,161.44,4540174,158.5,IBM
3/9/2015,158.2,158.2,161.15,5193874,160.77,IBM
3/10/2015,159.6,157.81,160.23,4600968,157.81,IBM
3/11/2015,158.57,155.935,159.14,5709290,156.8,IBM
3/12/2015,156.27,156.27,158.72,4567346,157.98,IBM
3/13/2015,157.46,153.4,157.52,6063970,154.28,IBM
3/16/2015,155.05,154.8,157.09,3749638,157.08,IBM
3/17/2015,156.2,155.37,157.29,3311792,156.96,IBM
3/18/2015,156.85,155.8,160.7,5738466,159.81,IBM
3/19/2015,159.7,158.81,160.92,3878559,159.81,IBM
3/20/2015,160.95,160.35,163,9006417,162.88,IBM
3/23/2015,162.77,162.73,165.35,5929927,164.63,IBM
3/24/2015,164.79,162.9,164.89,4336706,163,IBM
3/25/2015,163.08,159.2,163.08,5428730,159.2,IBM
3/26/2015,159.27,158.91,161.25,4396024,160.59,IBM
3/27/2015,160.79,159.23,160.9,3477826,160.4,IBM
3/30/2015,161.31,161.25,163.6,4138018,162.67,IBM
3/31/2015,161.08,160.4,162.33,4255158,160.5,IBM
4/1/2015,160.23,158.39,160.62,3700791,159.18,IBM
4/2/2015,159.52,158.89,162.54,4671578,160.45,IBM
4/6/2015,159.69,158.702,162.8,3465681,162.04,IBM
4/7/2015,161.67,161.62,163.84,3147966,162.07,IBM
4/8/2015,161.72,161.01,163.55,2524323,161.85,IBM
4/9/2015,161.7,160.72,162.47,2263490,162.34,IBM
4/10/2015,162.34,161.25,163.33,2515603,162.86,IBM
4/13/2015,162.37,162.36,164,3868911,162.38,IBM
4/14/2015,162.42,160.79,162.7352,2719287,162.3,IBM
4/15/2015,162.63,162.5,164.96,3498756,164.13,IBM
4/16/2015,163.31,162.54,163.98,3136947,163.13,IBM
4/17/2015,161.75,160.03,161.86,4308880,160.67,IBM
4/20/2015,162.1,161.9,166.64,9609204,166.16,IBM
4/21/2015,166.07,164.05,167.38,9683592,164.26,IBM
4/22/2015,164.39,162.89,166,4024674,165.36,IBM
4/23/2015,165.23,165.14,171.91,8230392,170.24,IBM
4/24/2015,170.23,168.74,170.85,3888439,169.78,IBM
4/27/2015,170.89,170.3,171.49,3166588,170.73,IBM
4/28/2015,170.83,170.02,174.69,5816308,173.92,IBM
4/29/2015,173.4,172.8,175.1303,4517190,174.4,IBM
4/30/2015,173.77,170.3,174.28,5062613,171.29,IBM
5/1/2015,173.2,172.42,174,3312052,173.67,IBM
5/4/2015,174.47,173.7,176.3,4023850,173.97,IBM
5/5/2015,173.51,171.96,174.23,3593465,173.08,IBM
5/6/2015,172.9,168.86,174.05,3610900,170.05,IBM
5/7/2015,169.63,169.04,171.98,2472627,170.99,IBM
5/8/2015,172.94,172.24,173.33,3092599,172.68,IBM
5/11/2015,172.65,170.86,172.99,2661030,171.12,IBM
5/12/2015,170.55,168.84,171.4899,2961739,170.55,IBM
5/13/2015,171.24,170.75,172.74,2457521,172.28,IBM
5/14/2015,173.5,173.22,174.4,2438669,174.05,IBM
5/15/2015,173.91,172.6,174.41,2916115,173.26,IBM
5/18/2015,173.44,172.3,173.49,1970630,173.06,IBM
5/19/2015,172.97,171.93,173.75,2523002,173.48,IBM
5/20/2015,173.33,172.46,174.44,2300693,173.76,IBM
5/21/2015,173.32,173.035,174.14,2295590,173.34,IBM
5/22/2015,173.04,172.19,173.39,2849692,172.22,IBM
5/26/2015,172.11,169.13,172.12,3848738,170.13,IBM
5/27/2015,171.16,170.49,172.48,2764378,172,IBM
5/28/2015,171.45,170.66,171.84,1731372,171.71,IBM
5/29/2015,171.35,169.65,171.35,4091431,169.65,IBM
6/1/2015,170.21,169.03,171.04,2985479,170.18,IBM
6/2/2015,169.66,168.43,170.45,2571762,169.65,IBM
6/3/2015,170.5,169.63,171.5601,2131031,169.92,IBM
6/4/2015,169.53,167.93,170.6,3079334,168.38,IBM
6/5/2015,168.25,167.2,168.9103,3100505,167.4,IBM
6/8/2015,167.17,165.02,167.28,3758726,165.34,IBM
6/9/2015,165.34,163.37,166.02,3395901,165.68,IBM
6/10/2015,166.49,166.06,169.39,4680545,168.92,IBM
6/11/2015,169.26,168.54,170.44,3464013,168.78,IBM
6/12/2015,168.23,166.69,168.3,3065085,166.99,IBM
6/15/2015,165.33,164.25,166.44,4245657,166.26,IBM
6/16/2015,166.33,165.91,167.4,3249842,166.84,IBM
6/17/2015,167,166.1,167.8476,2862993,167.17,IBM
6/18/2015,167.05,167.05,168.72,3330864,168.25,IBM
6/19/2015,167.62,166.77,168.42,7072020,166.99,IBM
6/22/2015,167.65,167.2,168.34,2335796,167.73,IBM
6/23/2015,168.38,167.573,169.97,3701637,168.62,IBM
6/24/2015,168.71,166.8301,168.84,3548079,166.97,IBM
6/25/2015,167.8,166.08,168.13,2408780,166.08,IBM
6/26/2015,166.23,165.23,166.8116,8945485,165.46,IBM
6/29/2015,163.92,162.89,165.35,3314679,162.97,IBM
6/30/2015,163.99,162.12,164,3597288,162.66,IBM
7/1/2015,163.97,163.6,165.61,3214547,164.49,IBM
7/2/2015,165.05,164.42,165.32,2852696,165.09,IBM
7/6/2015,163.83,163.52,165.23,3079782,164.73,IBM
7/7/2015,164.94,162.2317,165.35,3549861,165,IBM
7/8/2015,164,162.68,164.94,2776286,163.16,IBM
7/9/2015,165.34,163.7,165.51,4199708,163.85,IBM
7/10/2015,165.66,165.515,167.4,4538349,166.95,IBM
7/13/2015,167.93,167.52,169.89,4228963,169.38,IBM
7/14/2015,169.43,168.24,169.54,3025263,168.61,IBM
7/15/2015,168.48,168,169.27,1998004,168.53,IBM
7/16/2015,169.47,169.16,171.09,3529874,171,IBM
7/17/2015,170.33,170.1,172.52,4356391,172.51,IBM
7/20/2015,172.79,172.14,173.78,7335491,173.22,IBM
7/21/2015,164.34,162.02,166.35,13747503,163.07,IBM
7/22/2015,162.73,159.7,163.0695,7180385,160.35,IBM
7/23/2015,160.27,159.83,162.75,5034246,161.73,IBM
7/24/2015,161.29,159.41,161.93,3777631,159.75,IBM
7/27/2015,159,158.6,160.18,3706240,159.07,IBM
7/28/2015,159.91,158.5,160.19,2720890,160.05,IBM
7/29/2015,160,159.39,161.5,3378396,161.09,IBM
7/30/2015,160.5,159.75,161.4,1994660,160.96,IBM
7/31/2015,161.4,160.63,162.06,3580226,161.99,IBM
8/3/2015,161.7,157.9,161.85,4615511,158.71,IBM
8/4/2015,158.4,156.87,158.82,5260575,157.6,IBM
8/5/2015,159.1,157.48,159.54,3463034,157.9,IBM
8/6/2015,157.13,156.18,157.54,3004487,156.32,IBM
8/7/2015,155.89,154.335,156.25,3794897,155.12,IBM
8/10/2015,156.77,156.12,157.4652,4613371,156.75,IBM
8/11/2015,155.96,154.86,155.99,3167111,155.51,IBM
8/12/2015,154.26,153.95,156.52,3624852,156.16,IBM
8/13/2015,156.06,154.3171,156.09,2533318,155.07,IBM
8/14/2015,155,154.58,156.21,3226434,155.75,IBM
8/17/2015,155.2,154.7,156.69,2249554,156.31,IBM
8/18/2015,155.51,155.25,156.52,2018337,156.01,IBM
8/19/2015,155.15,153.41,155.67,4205904,153.94,IBM
8/20/2015,152.74,152.5,153.91,4011514,152.66,IBM
8/21/2015,151.5,148.7,153.19,7360898,148.85,IBM
8/24/2015,143.47,142.32,147.76,10186817,143.47,IBM
8/25/2015,146.94,140.62,147.11,7071869,140.96,IBM
8/26/2015,144.09,142.14,146.98,6197229,146.7,IBM
8/27/2015,148.63,145.66,148.97,4975966,148.54,IBM
8/28/2015,147.75,147.18,148.2,4076211,147.98,IBM
8/31/2015,147.26,146.26,148.4,4093078,147.89,IBM
9/1/2015,144.84,141.85,144.98,5271696,142.68,IBM
9/2/2015,144.92,143.18,145.08,4251778,145.05,IBM
9/3/2015,146.05,145.77,148.03,3603518,146.78,IBM
9/4/2015,144.57,143.32,145.4,4201068,143.7,IBM
9/8/2015,145.86,145.66,147.34,3933010,147.23,IBM
9/9/2015,148.74,144.85,149.04,3407761,145.05,IBM
9/10/2015,145.85,144.51,147.16,3461658,146.2,IBM
9/11/2015,145.91,145.67,147.5,3113953,147.37,IBM
9/14/2015,147.37,145.41,147.37,3226747,145.65,IBM
9/15/2015,146.6,145.76,147.93,2717060,147.53,IBM
9/16/2015,147.84,147.54,148.89,2799222,148.41,IBM
9/17/2015,148.1,147.3,149.68,4002952,148.14,IBM
9/18/2015,146.05,143.98,146.385,7975845,144.51,IBM
9/21/2015,145.39,144.92,146.98,3824858,146.48,IBM
9/22/2015,144.62,143.7699,145.06,3564015,144.43,IBM
9/23/2015,144.21,142.75,144.57,2674225,143.66,IBM
9/24/2015,142.6,141.95,145.07,3278207,144.41,IBM
9/25/2015,145.55,144.53,146.27,3474279,145.42,IBM
9/28/2015,144.42,142.47,145.38,4292421,142.52,IBM
9/29/2015,141.99,141.1501,142.66,4763509,142.47,IBM
9/30/2015,143.69,143.66,145.71,3923866,144.97,IBM
10/1/2015,145.31,141.59,145.67,3880747,143.59,IBM
10/2/2015,141.05,140.56,144.59,3053928,144.58,IBM
10/5/2015,145.82,145.82,149.8925,5131669,149.04,IBM
10/6/2015,149.06,148.49,150.15,3018074,148.78,IBM
10/7/2015,150.04,148.8565,150.73,2989915,150.09,IBM
10/8/2015,149.69,149.29,153.019,4794357,152.28,IBM
10/9/2015,152.46,151.27,153.147,3531107,152.39,IBM
10/12/2015,152.4,150.85,152.58,3227636,151.14,IBM
10/13/2015,150.78,149.18,150.78,3915707,149.62,IBM
10/14/2015,149.6,149.02,150.65,3352327,150.01,IBM
10/15/2015,150.91,148.58,151.24,3476219,150.09,IBM
10/16/2015,150.45,149.26,151.2,3483599,150.39,IBM
10/19/2015,149.85,148.38,149.97,7954684,149.22,IBM
10/20/2015,142.49,140.27,142.88,16025591,140.64,IBM
10/21/2015,140.25,139.3,142.66,7134526,140.92,IBM
10/22/2015,141.74,141.62,145.07,5583076,144.09,IBM
10/23/2015,144.61,143.7,145.49,5370439,144.68,IBM
10/26/2015,144.75,143.21,145,3489428,143.66,IBM
10/27/2015,143.51,137.33,143.83,15005072,137.86,IBM
10/28/2015,137.92,137.5,141.23,8510027,140.83,IBM
10/29/2015,140.36,139.0201,140.82,3710245,140.55,IBM
10/30/2015,140.44,139.9,141.33,3983990,140.08,IBM
11/2/2015,140.5,139.57,140.5165,3822212,140.37,IBM
11/3/2015,140.02,139.9,142.8,4349317,141.88,IBM
11/4/2015,142.55,141.3,142.65,3516890,141.63,IBM
11/5/2015,141.61,139.63,142.38,5093471,139.89,IBM
11/6/2015,138.6,137.87,139.55,4744493,138.25,IBM
11/9/2015,137.92,134.88,138.08,8074476,135.31,IBM
11/10/2015,135.36,134.12,135.735,4520387,135.47,IBM
11/11/2015,136.09,134.5,136.2,3164806,135.02,IBM
11/12/2015,134.7,133.01,134.7,4700465,133.04,IBM
11/13/2015,132.95,131.65,133,4609621,131.75,IBM
11/16/2015,131.79,131.79,134.09,4190777,133.71,IBM
11/17/2015,134.22,133.31,134.82,2814487,133.82,IBM
11/18/2015,134.79,134.26,135.91,4148771,135.82,IBM
11/19/2015,136.21,136.01,137.7355,4753503,136.74,IBM
11/20/2015,137.37,137.25,138.915,5176255,138.5,IBM
11/23/2015,138.53,137.12,138.87,5137872,138.46,IBM
11/24/2015,137.65,137.31,139.34,3407603,138.6,IBM
11/25/2015,138.37,137.375,138.43,3238166,138,IBM
11/27/2015,138,137.21,138.81,1415840,138.46,IBM
11/30/2015,138.61,138.52,139.9,4542014,139.42,IBM
12/1/2015,139.58,139.58,141.4,4195119,141.28,IBM
12/2/2015,140.93,139.5,141.21,3725193,139.7,IBM
12/3/2015,140.1,138.19,140.73,5905763,138.92,IBM
12/4/2015,138.09,137.99,141.02,4567752,140.43,IBM
12/7/2015,140.16,138.81,140.41,3279300,139.55,IBM
12/8/2015,138.28,137.53,139.06,3904755,138.05,IBM
12/9/2015,137.38,136.23,139.84,4614993,136.61,IBM
12/10/2015,137.03,135.7201,137.85,4221948,136.78,IBM
12/11/2015,135.23,133.91,135.44,5333567,134.57,IBM
12/14/2015,135.31,134.02,136.14,5141549,135.93,IBM
12/15/2015,137.4,137.28,138.97,4238546,137.79,IBM
12/16/2015,139.12,137.79,139.65,4345474,139.29,IBM
12/17/2015,139.35,136.3075,139.5,4089539,136.75,IBM
12/18/2015,136.41,134.27,136.96,10008280,134.9,IBM
12/21/2015,135.83,134.02,135.83,5616636,135.5,IBM
12/22/2015,135.88,135.65,138.19,4263538,137.93,IBM
12/23/2015,138.3,138.11,139.305,5164909,138.54,IBM
12/24/2015,138.43,138.11,138.88,1495226,138.25,IBM
12/28/2015,137.74,136.54,138.045,3143412,137.61,IBM
12/29/2015,138.25,138.2,140.06,3943691,139.78,IBM
12/30/2015,139.58,139.22,140.44,2989367,139.34,IBM
12/31/2015,139.07,137.57,139.1,3462037,137.62,IBM
1/4/2016,135.6,134.24,135.97,5229231,135.95,IBM
1/5/2016,136.76,134.8501,136.89,3924785,135.85,IBM
1/6/2016,134.38,133.62,135.58,4310774,135.17,IBM
1/7/2016,133.7,132.43,135.02,7024500,132.86,IBM
1/8/2016,133.18,131.32,133.816,4762583,131.63,IBM
1/11/2016,131.81,131.76,133.82,4974236,133.23,IBM
1/12/2016,133.65,131.13,133.78,5078360,132.9,IBM
1/13/2016,133.5,131.1,134.2799,4700115,131.17,IBM
1/14/2016,131.93,131.22,133.79,5709426,132.91,IBM
1/15/2016,130.01,128.87,130.88,9007945,130.03,IBM
1/19/2016,130.11,128.06,132.1,9955973,128.11,IBM
1/20/2016,118.46,118,123.99,16157769,121.86,IBM
1/21/2016,121.3,120.5751,125.1,8851531,122.91,IBM
1/22/2016,124.67,121.77,124.74,9238219,122.5,IBM
1/25/2016,122.1,121.64,124.23,5445560,122.08,IBM
1/26/2016,122.25,122.24,123.61,4617414,122.59,IBM
1/27/2016,122.73,120.65,123.37,5025161,120.96,IBM
1/28/2016,121.26,121.01,122.83,3942537,122.22,IBM
1/29/2016,123.28,122.96,124.79,8248077,124.79,IBM
2/1/2016,124.4,123.71,125.29,3574834,124.83,IBM
2/2/2016,123.67,122.64,124.14,3287218,122.94,IBM
2/3/2016,123.99,122.29,125.4499,6223424,124.72,IBM
2/4/2016,125.08,125,128.5,5265650,127.65,IBM
2/5/2016,127.22,125.85,128.64,7176765,128.57,IBM
2/8/2016,126,124.13,127.51,7363893,126.98,IBM
2/9/2016,126.12,123.77,126.93,5956138,124.07,IBM
2/10/2016,125,119.84,125.29,6462375,120.19,IBM
2/11/2016,118.78,116.901,119.66,7307503,117.85,IBM
2/12/2016,119.26,118.35,121.05,4935670,121.04,IBM
2/16/2016,121.83,121.34,123.09,4061066,122.74,IBM
2/17/2016,123.71,123.25,126.57,4820982,126.1,IBM
2/18/2016,130,129.75,134,9951438,132.45,IBM
2/19/2016,132.36,130.84,133.65,5125276,133.08,IBM
2/22/2016,133.84,132.41,134.31,4457444,133.77,IBM
2/23/2016,133.14,132.01,133.41,3439631,132.4,IBM
2/24/2016,131.55,129.68,133.49,4122421,132.8,IBM
2/25/2016,133.29,130.88,134.51,4358205,134.5,IBM
2/26/2016,134.51,131.95,134.92,4385699,132.03,IBM
2/29/2016,132,130.9,133.36,4427472,131.03,IBM
3/1/2016,132.24,132.03,134.64,3788084,134.37,IBM
3/2/2016,133.7,133.22,137.44,5217230,136.3,IBM
3/3/2016,137.22,136.07,137.9602,5155978,137.8,IBM
3/4/2016,137.535,137.02,139.42,3968423,137.8,IBM
3/7/2016,137.28,136.8718,140.51,5170228,140.15,IBM
3/8/2016,139.71,137.42,140.35,5537856,139.07,IBM
3/9/2016,139.31,139.23,142.17,4406304,140.41,IBM
3/10/2016,141.24,138.09,141.47,4020024,140.19,IBM
3/11/2016,141.73,140.51,142.9236,4421748,142.36,IBM
3/14/2016,142.01,141.04,143.19,4047634,142.78,IBM
3/15/2016,141.74,141.54,143.33,3707538,142.96,IBM
3/16/2016,142.62,142.11,144.88,4221939,144.79,IBM
3/17/2016,144.78,144.45,147.32,5821180,147.04,IBM
3/18/2016,147.4,145.51,147.51,12088126,147.09,IBM
3/21/2016,147.3,146.7201,148.71,3721463,148.63,IBM
3/22/2016,148.06,147.84,149.28,4081924,148.1,IBM
3/23/2016,148,145.13,148.03,4763987,145.4,IBM
3/24/2016,144.98,144.49,148.22,5044335,147.95,IBM
3/28/2016,147.75,147.23,148.65,3265084,148.4,IBM
3/29/2016,147.59,147.5,149.76,3138545,149.33,IBM
3/30/2016,149.95,148.32,150.41,3330841,148.41,IBM
3/31/2016,149.79,149.36,153.1,6780132,151.45,IBM
4/1/2016,150.51,150.25,152.96,3925181,152.52,IBM
4/4/2016,152.34,151.91,153.52,3930319,152.07,IBM
4/5/2016,151.43,149.65,151.6,3336952,150,IBM
4/6/2016,149.9,147.81,150.15,4194265,150.02,IBM
4/7/2016,149.07,148,149.6,3662508,148.25,IBM
4/8/2016,149.06,148.12,149.99,3293512,149.35,IBM
4/11/2016,150.26,149.22,151.95,3845918,149.25,IBM
4/12/2016,149.61,148.58,150.11,3595549,149.63,IBM
4/13/2016,150.75,149.63,151.23,3167970,151.23,IBM
4/14/2016,151.5,150.38,152.76,3176300,151.16,IBM
4/15/2016,151.04,150.96,152.1,3657466,151.72,IBM
4/18/2016,151.75,151.49,153.14,6538819,152.53,IBM
4/19/2016,146.47,142.61,146.95,13188308,144,IBM
4/20/2016,144.24,144,147.2,6754189,146.11,IBM
4/21/2016,146.58,146.46,150.12,6015526,149.3,IBM
4/22/2016,149.44,147.5,151,5191802,148.5,IBM
4/25/2016,148.16,147.11,148.9,2848935,148.81,IBM
4/26/2016,148.65,147.9,149.79,2979699,149.08,IBM
4/27/2016,149.35,148.97,150.78,3110789,150.47,IBM
4/28/2016,149.75,146.725,150.18,3791337,147.07,IBM
4/29/2016,146.49,144.191,147.34,4225790,145.94,IBM
5/2/2016,146.56,144.43,147,3502443,145.27,IBM
5/3/2016,144.65,142.9,144.9,3584261,144.13,IBM
5/4/2016,143.36,143.31,145,2576786,144.25,IBM
5/5/2016,145.95,145.45,147.3,6500738,146.47,IBM
5/6/2016,144.86,144.47,147.97,4895684,147.29,IBM
5/9/2016,147.7,147.01,148.2,4302425,147.34,IBM
5/10/2016,148.24,147.74,150.04,3992536,149.97,IBM
5/11/2016,149.71,148.74,151.09,3092408,148.95,IBM
5/12/2016,149.21,147.11,149.39,3249032,148.84,IBM
5/13/2016,148.79,147.42,149.86,2397902,147.72,IBM
5/16/2016,147.65,147.44,149.99,3069126,149.46,IBM
5/17/2016,149.21,147.29,149.5,3490374,148,IBM
5/18/2016,147.99,146.36,148.52,2491086,147.34,IBM
5/19/2016,146.48,143.955,146.93,3685595,144.93,IBM
5/20/2016,145.71,145.55,147.51,3670262,147.25,IBM
5/23/2016,147.61,146.66,147.95,2103733,146.77,IBM
5/24/2016,146.88,146.88,148.75,2929132,148.31,IBM
5/25/2016,148.93,148.5001,152.09,4358039,151.69,IBM
5/26/2016,151.55,151.05,152.51,3062934,152.44,IBM
5/27/2016,152.35,152.15,152.93,2457037,152.84,IBM
5/31/2016,152.56,152.27,153.81,5836645,153.74,IBM
6/1/2016,153,151.54,153.27,2662937,152.51,IBM
6/2/2016,152.59,152.12,153.5,2642601,153.5,IBM
6/3/2016,152.4,151.7,153.04,2328056,152.89,IBM
6/6/2016,153.09,152.34,153.95,2378462,152.73,IBM
6/7/2016,153.31,152.66,153.93,4464985,153.33,IBM
6/8/2016,153.53,153.04,154.09,2935036,154,IBM
6/9/2016,152.92,152.73,153.76,2021796,153.42,IBM
6/10/2016,152.79,151.86,153.3299,3120563,152.37,IBM
6/13/2016,151.63,150.28,152.5,3610407,151.28,IBM
6/14/2016,151.28,150.4,151.79,2865833,151.06,IBM
6/15/2016,151.46,150.6,151.7925,2260406,150.68,IBM
6/16/2016,150.19,149,151.295,2449064,151.06,IBM
6/17/2016,150.96,150.6044,152.72,4663870,151.99,IBM
6/20/2016,152.6,152.52,154.67,3572102,153.61,IBM
6/21/2016,154.16,153.69,154.5689,2760344,154.05,IBM
6/22/2016,153.75,152.27,154.71,2833364,152.92,IBM
6/23/2016,153.45,152.6,155.48,3967419,155.35,IBM
6/24/2016,149.97,146.18,150.61,9081182,146.59,IBM
6/27/2016,146.18,142.5,146.6,5166665,143.5,IBM
6/28/2016,144.78,144.22,145.73,3996007,145.7,IBM
6/29/2016,146.5,146.45,148.48,3367736,148.46,IBM
6/30/2016,148.86,148.67,151.91,3967126,151.78,IBM
7/1/2016,152.19,151.4,152.97,2658280,152.35,IBM
7/5/2016,151.19,150.76,152,2464820,151.68,IBM
7/6/2016,151.85,149.92,152.41,2569393,152.37,IBM
7/7/2016,152.75,151.89,153.6891,2138421,152.6,IBM
7/8/2016,154,153.08,154.6,3040593,154.46,IBM
7/11/2016,154.6,154.5,156.04,2833612,155.33,IBM
7/12/2016,156,155.52,157.12,3843773,157.04,IBM
7/13/2016,157.75,157.06,158.34,2746089,158.02,IBM
7/14/2016,158.81,158.58,161.4,4637624,160.28,IBM
7/15/2016,159.9,158.5,159.98,4474358,159.78,IBM
7/18/2016,159.3,158.73,160.75,6716340,159.86,IBM
7/19/2016,161.78,157.89,162.14,7119917,159.58,IBM
7/20/2016,159.97,159.6,161.71,4373609,161.36,IBM
7/21/2016,160.75,159.89,161.85,4046030,160.45,IBM
7/22/2016,160.78,160.479,162.17,2520077,162.07,IBM
7/25/2016,162,161.75,162.88,2804578,162.65,IBM
7/26/2016,162.65,161.37,163.6,2892969,162.12,IBM
7/27/2016,162.12,161.18,162.57,2162680,161.83,IBM
7/28/2016,161.38,160.71,161.81,2340369,161.37,IBM
7/29/2016,161.36,160.03,161.67,3547395,160.62,IBM
8/1/2016,160.65,159.84,161.65,2823578,161.45,IBM
8/2/2016,161.27,160.36,161.4499,3080899,160.58,IBM
8/3/2016,160.13,159.8,160.86,2861558,160.67,IBM
8/4/2016,160.86,160.12,161.7,2488878,161.55,IBM
8/5/2016,162,161.57,163.51,3812370,163.5,IBM
8/8/2016,162.73,161.58,163.27,3039081,162.04,IBM
8/9/2016,162.22,161.645,162.772,2737530,161.77,IBM
8/10/2016,162.19,161.955,162.66,2466675,162.08,IBM
8/11/2016,162.25,162.18,164.95,8768585,163.53,IBM
8/12/2016,163.19,161.52,163.46,2543079,161.95,IBM
8/15/2016,162.4,161.78,162.97,2970415,161.88,IBM
8/16/2016,161.11,160.69,161.93,2210229,160.7,IBM
8/17/2016,160.97,159.84,161.16,3225919,160.44,IBM
8/18/2016,160.89,160.4401,162,3652013,161.36,IBM
8/19/2016,160.84,159.52,160.91,2815163,160.04,IBM
8/22/2016,160,159.13,160.57,2039331,160,IBM
8/23/2016,160.33,160.23,161.34,2838137,160.26,IBM
8/24/2016,159.89,158.32,160.18,3620365,159.05,IBM
8/25/2016,159,158.42,159.54,2575023,158.63,IBM
8/26/2016,158.88,157.85,160.44,2498909,158.32,IBM
8/29/2016,158.83,158.5,160.21,2475853,159.72,IBM
8/30/2016,159.76,158.81,160.15,1813343,159.4,IBM
8/31/2016,159.66,158.26,159.66,2323649,158.88,IBM
9/1/2016,158.32,158.1,159.62,2358385,159.54,IBM
9/2/2016,159.88,159.15,160.57,2315366,159.55,IBM
9/6/2016,159.88,159.11,160.86,2994056,160.35,IBM
9/7/2016,160.19,160,161.76,2866227,161.64,IBM
9/8/2016,160.55,158.76,161.21,3963164,159,IBM
9/9/2016,158.03,155.65,158.4,5185972,155.69,IBM
9/12/2016,155.26,154.84,158.53,4367529,158.29,IBM
9/13/2016,157.63,155.5,157.93,3636719,155.81,IBM
9/14/2016,155.7,153.39,155.87,3860553,154.05,IBM
9/15/2016,154.3,153.21,156.33,3662573,155.66,IBM
9/16/2016,155.04,153.47,155.4,6463213,153.84,IBM
9/19/2016,154.87,154.55,156.19,2450117,154.87,IBM
9/20/2016,155.87,154.45,156.57,2159092,154.45,IBM
9/21/2016,154.91,153.87,155.68,2473895,155.53,IBM
9/22/2016,156.15,155.69,157.22,2690915,156.11,IBM
9/23/2016,155.62,154.71,156.04,2702143,154.98,IBM
9/26/2016,154.46,153.46,154.46,2533325,153.98,IBM
9/27/2016,154.32,153.81,156.77,2987195,156.77,IBM
9/28/2016,156.99,156.23,158.625,3309408,158.29,IBM
9/29/2016,158.63,157.46,165,3374838,158.11,IBM
9/30/2016,158.9,158.06,159.838,3596878,158.85,IBM
10/3/2016,158.06,157.02,158.37,2227800,157.61,IBM
10/4/2016,157.67,155.82,158.53,2884146,156.46,IBM
10/5/2016,157.07,156.72,157.83,1684458,157.08,IBM
10/6/2016,156.84,155.89,157.43,1950106,156.88,IBM
10/7/2016,157.14,154.86,157.7,2671256,155.67,IBM
10/10/2016,156.71,156.655,158.49,2481288,157.02,IBM
10/11/2016,156.73,153.89,156.95,2901226,154.79,IBM
10/12/2016,154.97,153.08,154.97,2963843,154.29,IBM
10/13/2016,153.7,152.27,154.22,2909948,153.72,IBM
10/14/2016,154.47,154.09,155.53,4358147,154.45,IBM
10/17/2016,154.45,154.34,155.89,5890421,154.77,IBM
10/18/2016,150.02,147.79,151,12770570,150.72,IBM
10/19/2016,151.27,150.83,152.45,4632854,151.26,IBM
10/20/2016,151.28,151.02,152.9,4023075,151.52,IBM
10/21/2016,150.58,149.56,151.15,4414171,149.63,IBM
10/24/2016,150.4,150.4,151.52,2666740,150.57,IBM
10/25/2016,150.69,149.83,151.16,2647416,150.88,IBM
10/26/2016,150.71,150.255,152.94,2811421,151.81,IBM
10/27/2016,152.82,152.02,154.06,4229336,153.35,IBM
10/28/2016,154.05,152.18,154.44,3654446,152.61,IBM
10/31/2016,152.76,152.76,154.33,3553172,153.69,IBM
11/1/2016,153.5,151.74,153.91,3191924,152.79,IBM
11/2/2016,152.48,151.67,153.345,3074338,151.95,IBM
11/3/2016,152.51,151.8,153.74,2878728,152.37,IBM
11/4/2016,152.4,151.87,153.64,2470353,152.43,IBM
11/7/2016,153.99,153.84,156.11,3804943,155.72,IBM
11/8/2016,154.56,153.06,155.93,3921044,155.17,IBM
11/9/2016,152.96,151,155.56,5403688,154.81,IBM
11/10/2016,157.66,157.59,161.16,7715807,160.22,IBM
11/11/2016,159.97,159.33,161.34,4446630,161.27,IBM
11/14/2016,161.25,157.58,161.86,5196498,158.21,IBM
11/15/2016,158.42,157.55,159.15,3476996,158.67,IBM
11/16/2016,158.46,158.03,159.55,2252806,159.29,IBM
11/17/2016,159.22,158.85,159.93,2260984,159.8,IBM
11/18/2016,159.8,159.21,160.72,2981633,160.39,IBM
11/21/2016,160.69,160.3697,163,4637097,162.77,IBM
11/22/2016,163,161.95,163,2770736,162.67,IBM
11/23/2016,161.94,161.3557,162.38,2256035,161.98,IBM
11/25/2016,161.83,161.83,163.19,1605344,163.14,IBM
11/28/2016,163.2,162.7,164.66,4449355,164.52,IBM
11/29/2016,164,163.03,164.41,3148196,163.53,IBM
11/30/2016,163.35,162.21,163.8,4397777,162.22,IBM
12/1/2016,161.95,158.3,162.195,4634740,159.82,IBM
12/2/2016,159,158.41,160.29,2740782,160.02,IBM
12/5/2016,160.85,159.5875,161.15,3447052,159.84,IBM
12/6/2016,160.13,158.93,160.79,2858962,160.35,IBM
12/7/2016,160.6,160.39,165.18,4435050,164.79,IBM
12/8/2016,164.87,164.22,166,3266336,165.36,IBM
12/9/2016,165.18,164.6042,166.72,3146930,166.52,IBM
12/12/2016,166.72,165.07,166.79,3392030,165.5,IBM
12/13/2016,165.68,165.68,169.952,5932271,168.29,IBM
12/14/2016,168.37,167.45,169.89,4123821,168.51,IBM
12/15/2016,168.01,167.78,169.85,3388570,168.02,IBM
12/16/2016,168.97,166.06,169.11,7117050,166.73,IBM
12/19/2016,166.83,166,167.26,2955864,166.68,IBM
12/20/2016,167.49,166.45,168.25,2174569,167.6,IBM
12/21/2016,166.25,165.25,167.94,3575210,167.33,IBM
12/22/2016,167.36,166.58,168.23,2802631,167.06,IBM
12/23/2016,167,166.45,167.49,1701228,166.71,IBM
12/27/2016,166.98,166.85,167.98,1397455,167.14,IBM
12/28/2016,167.29,166,167.74,1757500,166.19,IBM
12/29/2016,166.02,166,166.99,1663542,166.6,IBM
12/30/2016,166.44,165.5,166.7,2952200,165.99,IBM
1/3/2017,167,166.01,167.87,2934299,167.19,IBM
1/4/2017,167.77,167.36,169.87,3381232,169.26,IBM
1/5/2017,169.25,167.26,169.39,2682181,168.7,IBM
1/6/2017,168.69,167.52,169.92,2945536,169.53,IBM
1/9/2017,169.47,167.62,169.8,3189413,167.65,IBM
1/10/2017,167.98,165.34,168.09,4118694,165.52,IBM
1/11/2017,166.05,165.6,167.76,3599464,167.75,IBM
1/12/2017,167.77,165.56,168.01,2927953,167.95,IBM
1/13/2017,167.97,166.875,168.48,2875319,167.34,IBM
1/17/2017,166.69,166.1201,168.18,3315655,167.89,IBM
1/18/2017,167.45,166.69,168.59,4005626,166.8,IBM
1/19/2017,166.96,165.8,167.45,6963386,166.81,IBM
1/20/2017,167.81,166,170.64,12606847,170.55,IBM
1/23/2017,170.08,170.01,171.25,5477314,171.03,IBM
1/24/2017,171.36,171.16,176,6952369,175.9,IBM
1/25/2017,176.26,176.13,179.25,5922462,178.29,IBM
1/26/2017,178.06,177.51,178.88,3063911,178.66,IBM
1/27/2017,178.47,177.3,179.2,3482105,177.3,IBM
1/30/2017,176.98,174.5768,177.07,4093555,175.8,IBM
1/31/2017,175.05,173.61,175.58,4134049,174.52,IBM
2/1/2017,175,172.89,175.7025,2795445,174.29,IBM
2/2/2017,174.23,173.55,174.97,2620526,174.58,IBM
2/3/2017,175,174.89,176.34,3309179,175.82,IBM
2/6/2017,175.31,174.38,175.98,2650509,175.86,IBM
2/7/2017,176,175.9,178.62,3873233,178.46,IBM
2/8/2017,177.5,175.88,177.5,2913126,176.17,IBM
2/9/2017,176.17,175.91,177.8,3090710,177.21,IBM
2/10/2017,177.37,176.76,178.8701,2930710,178.68,IBM
2/13/2017,179.24,178.84,179.9,3093372,179.36,IBM
2/14/2017,178.57,178.35,180.13,2775818,180.13,IBM
2/15/2017,180.2,179.81,181.92,2914292,181.68,IBM
2/16/2017,181.45,180.87,182.79,3251547,181.43,IBM
2/17/2017,181.25,180,181.57,3552305,180.67,IBM
2/21/2017,180.6,179.12,180.79,4480199,180.26,IBM
2/22/2017,180.09,180.09,181.34,3020540,181.15,IBM
2/23/2017,182,180.92,182.5,2282526,181.65,IBM
2/24/2017,180.21,179.89,181.49,3299019,181.35,IBM
2/27/2017,181.19,179.28,181.25,3691209,179.4,IBM
2/28/2017,179.38,179.35,180.63,3273335,179.82,IBM
3/1/2017,180.48,180.03,182.55,3005564,181.95,IBM
3/2/2017,181.88,180.43,181.88,2918153,180.53,IBM
3/3/2017,180.04,179.7649,181.32,1825048,180.05,IBM
3/6/2017,179.72,179.57,180.99,3204434,180.47,IBM
3/7/2017,180.71,180.1997,181.29,2977596,180.38,IBM
3/8/2017,180.75,179.3,180.95,3557396,179.45,IBM
3/9/2017,179.15,175.88,179.25,5444076,177.18,IBM
3/10/2017,178.21,177.42,179.49,3100116,177.83,IBM
3/13/2017,177.85,176.415,178.06,3482189,176.46,IBM
3/14/2017,176.18,175.211,176.82,3147497,175.72,IBM
3/15/2017,175.71,174.75,176.28,3815537,175.81,IBM
3/16/2017,178.46,176.82,179,4311848,177.24,IBM
3/17/2017,176.29,175.65,176.79,5920967,175.65,IBM
3/20/2017,175.65,175.14,176.18,2476125,175.7,IBM
3/21/2017,176.01,173.84,176.23,3927741,173.88,IBM
3/22/2017,174.04,172.8,175.06,3450512,174.78,IBM
3/23/2017,174.43,173.56,175.67,3739976,174.82,IBM
3/24/2017,175.12,173.39,175.5,3221672,173.83,IBM
3/27/2017,172.69,172.0937,174.16,3259049,173.77,IBM
3/28/2017,173.94,173,175,3523345,174.51,IBM
3/29/2017,174.3,173.46,174.49,3085606,173.94,IBM
3/30/2017,173.86,173.69,174.59,3168254,173.86,IBM
3/31/2017,173.98,173.69,174.95,2913684,174.14,IBM
4/3/2017,173.82,173.38,174.87,4286498,174.5,IBM
4/4/2017,173.52,173.26,174.96,3108855,174.52,IBM
4/5/2017,174.7,172.81,176.33,6238894,172.88,IBM
4/6/2017,173.47,172.25,173.47,3435403,172.45,IBM
4/7/2017,172.08,171.28,172.93,3588302,172.14,IBM
4/10/2017,172.53,171,172.56,3789936,171.2,IBM
4/11/2017,170.65,168.98,171.23,4890163,170.58,IBM
4/12/2017,171.04,170.02,171.2,3276931,170.66,IBM
4/13/2017,169.92,169.53,171.36,3205462,169.53,IBM
4/17/2017,169.75,169.62,171.3,3720218,171.1,IBM
4/18/2017,170.79,169.83,171.69,6345465,170.05,IBM
4/19/2017,161.76,159.6,162.64,19284284,161.69,IBM
4/20/2017,161.32,160.5,162.4,6486809,162.3,IBM
4/21/2017,162.05,160.38,162.11,5607756,160.38,IBM
4/24/2017,161.29,160.42,161.57,5320608,160.75,IBM
4/25/2017,161.78,160.38,162.04,4842189,160.39,IBM
4/26/2017,160.53,159.89,161.1,4311484,160.06,IBM
4/27/2017,160.29,159.63,160.48,4081640,160.32,IBM
4/28/2017,160.5,159.7,160.59,4029533,160.29,IBM
5/1/2017,160.05,158.7,160.42,4919710,158.84,IBM
5/2/2017,159.44,158.64,159.49,3149949,159.1,IBM
5/3/2017,158.74,158.52,159.45,3990429,158.63,IBM
5/4/2017,158.89,158.36,159.14,4271669,159.05,IBM
5/5/2017,153.52,153,155.78,12415240,155.05,IBM
5/8/2017,152.8,152.2,153.47,7415765,153.03,IBM
5/9/2017,152.6,151.5552,153.1,6823015,152.11,IBM
5/10/2017,151.651,151.13,152.37,4995590,151.25,IBM
5/11/2017,151.05,149.79,151.15,5546379,150.65,IBM
5/12/2017,150.3,150,151.265,3651964,150.37,IBM
5/15/2017,150.62,150.4502,151.83,4218359,151.51,IBM
5/16/2017,151.66,151.66,153.99,5452539,153.68,IBM
5/17/2017,153.3,150.89,154.14,5048937,150.93,IBM
5/18/2017,150.86,150.11,151.33,3268772,150.78,IBM
5/19/2017,151.01,150.89,152.46,5617824,151.98,IBM
5/22/2017,152.1,151.5992,152.84,3248372,152.64,IBM
5/23/2017,152.57,151.92,153.68,2563975,152.03,IBM
5/24/2017,152.21,151.23,152.76,3731333,152.51,IBM
5/25/2017,153.25,152.9459,153.73,2579828,153.2,IBM
5/26/2017,152.85,152.06,153,2440117,152.49,IBM
5/30/2017,151.95,151.59,152.67,3609710,151.73,IBM
5/31/2017,152.03,151.65,152.8,3496466,152.63,IBM
6/1/2017,152.8,151.63,152.87,2904189,152.67,IBM
6/2/2017,153.07,151.8,153.2,3573193,152.05,IBM
6/5/2017,151.82,151.6826,152.93,3971157,152.41,IBM
6/6/2017,152,152,152.89,3786593,152.37,IBM
6/7/2017,153.05,150.8,154.2,4858631,150.98,IBM
6/8/2017,151,150.92,152.82,3681319,152.1,IBM
6/9/2017,152,151.88,154.265,4355401,154.1,IBM
6/12/2017,154.19,154.02,157.2,6461725,155.18,IBM
6/13/2017,155.44,154.15,155.48,3509558,154.25,IBM
6/14/2017,153.97,152.94,154.9399,3035864,153.81,IBM
6/15/2017,153.29,153.29,154.69,4626272,154.22,IBM
6/16/2017,154.23,152.9676,155.42,6128190,155.38,IBM
6/19/2017,155.51,154.54,155.86,4381436,154.84,IBM
6/20/2017,154.48,154.25,155.389,4469538,154.95,IBM
6/21/2017,155.79,153.39,155.79,3934281,153.79,IBM
6/22/2017,154.55,153.69,154.99,2361275,154.4,IBM
6/23/2017,154.34,153.8,154.68,3148468,154.11,IBM
6/26/2017,154.71,154.63,155.75,2129945,155.23,IBM
6/27/2017,155,154.5,155.34,2385619,154.75,IBM
6/28/2017,155.15,154.78,155.55,2203062,155.32,IBM
6/29/2017,155.35,153.62,155.74,3245649,154.13,IBM
6/30/2017,154.28,153.14,154.5,3501395,153.83,IBM
7/3/2017,153.58,153.52,156.025,2822499,155.58,IBM
7/5/2017,155.77,153.63,155.89,3558639,153.67,IBM
7/6/2017,153.36,152.23,153.83,2735717,152.36,IBM
7/7/2017,152.62,152.14,153.49,2345721,152.94,IBM
7/10/2017,152.91,152.63,153.89,2804780,153.42,IBM
7/11/2017,153.26,152.05,153.65,3431418,153.19,IBM
7/12/2017,153.48,153.05,154.24,3090315,153.7,IBM
7/13/2017,153.7,153.19,154.19,2474847,153.63,IBM
7/14/2017,154.01,153.4,154.615,3214337,154.24,IBM
7/17/2017,153.59,152.2399,153.88,4751141,153.01,IBM
7/18/2017,152.36,152,154.29,6867302,154,IBM
7/19/2017,150.02,146.71,150.25,14042954,147.53,IBM
7/20/2017,147.53,147.03,148.83,7105481,147.66,IBM
7/21/2017,147.59,146.51,147.87,6456514,147.08,IBM
7/24/2017,147,145.8,147.04,3818232,145.99,IBM
7/25/2017,146.57,146.03,147.49,4184435,146.19,IBM
7/26/2017,146.27,144.47,146.46,3806651,145.36,IBM
7/27/2017,145,143.64,145.395,6374650,145.07,IBM
7/28/2017,144.81,143.84,145.04,3022662,144.29,IBM
7/31/2017,144.38,144.17,144.93,4333680,144.67,IBM
8/1/2017,145,144.72,145.67,3197848,145.3,IBM
8/2/2017,145.12,144.22,145.29,3400024,144.45,IBM
8/3/2017,144.43,144.43,145.34,3028769,144.94,IBM
8/4/2017,145,144.4,145.39,2542800,145.16,IBM
8/7/2017,145,142.75,145.09,4576508,143.47,IBM
8/8/2017,142,142,142.76,3281972,142.11,IBM
8/9/2017,141.75,141.19,142.03,2920582,141.77,IBM
8/10/2017,141.64,141.23,142.42,4378186,141.84,IBM
8/11/2017,142.45,141.52,142.59,3004040,141.84,IBM
8/14/2017,142,141.94,142.76,2222304,142.32,IBM
8/15/2017,142.55,140.58,143.34,4652618,142.07,IBM
8/16/2017,141.79,141.61,142.91,3239516,142.5,IBM
8/17/2017,142.52,140.7,142.89,4342286,140.7,IBM
8/18/2017,140.87,139.58,141.15,4128761,139.7,IBM
8/21/2017,139.59,139.13,140.42,2949410,140.33,IBM
8/22/2017,140.64,140.38,141.15,2495902,141.01,IBM
8/23/2017,140.7,140.68,143.05,4035421,142.14,IBM
8/24/2017,142.5,142.25,143.68,3580245,142.94,IBM
8/25/2017,143.3,143.25,144.19,2866131,143.74,IBM
8/28/2017,144.11,142.39,144.56,5086015,142.51,IBM
8/29/2017,142.1,141.9,143.425,3000993,143.14,IBM
8/30/2017,143.26,142.41,143.28,2715466,142.56,IBM
8/31/2017,143.02,142.63,143.66,3614517,143.03,IBM
9/1/2017,142.98,142.98,144.5,3348503,144.08,IBM
9/5/2017,143.5,142.7,144.3575,3097503,143.04,IBM
9/6/2017,143.88,143.5,144.47,3205295,143.82,IBM
9/7/2017,144.1,142.41,144.64,4155968,142.9,IBM
9/8/2017,143.15,141.64,143.15,3344701,142.45,IBM
9/11/2017,143.54,143.01,145.13,4549334,144.86,IBM
9/12/2017,145.11,144.51,146.37,5222522,145.76,IBM
9/13/2017,145.35,145.34,146.29,4070378,145.99,IBM
9/14/2017,145.86,145.51,146.38,3742944,145.54,IBM
9/15/2017,144.82,144.08,145.17,7297773,144.82,IBM
9/18/2017,144.81,144.27,145.4799,3018012,144.55,IBM
9/19/2017,144.79,144.22,144.98,3456574,144.39,IBM
9/20/2017,144.93,144.42,145.88,5384615,145.88,IBM
9/21/2017,145.65,145.1,145.8911,2289276,145.26,IBM
9/22/2017,145.59,144.59,145.59,2741663,145.13,IBM
9/25/2017,145.12,144.91,146.03,5179476,145.87,IBM
9/26/2017,146.36,145.94,147.42,4106513,146.56,IBM
9/27/2017,146.68,145.03,146.9,3446073,145.66,IBM
9/28/2017,145.33,144.21,145.86,2763219,145.66,IBM
9/29/2017,145.45,144.92,145.69,2635887,145.08,IBM
10/2/2017,145.35,145.21,146.865,2955450,146.66,IBM
10/3/2017,146.69,146.34,147.1999,2285725,146.78,IBM
10/4/2017,147,146.11,147.02,2225673,146.48,IBM
10/5/2017,146.68,146.48,147.54,2536971,146.72,IBM
10/6/2017,146.64,146.32,146.85,2248474,146.48,IBM
10/9/2017,146.5,146.35,147.79,2678887,147.39,IBM
10/10/2017,147.71,147.65,148.95,4028877,148.5,IBM
10/11/2017,148.4,147.28,148.47,3674765,147.62,IBM
10/12/2017,147.56,146.77,147.89,3255559,147.03,IBM
10/13/2017,147.48,146.94,147.85,2490548,147.1,IBM
10/16/2017,147.22,146.51,147.67,3035184,146.83,IBM
10/17/2017,146.63,146.18,147.12,4941313,146.54,IBM
10/18/2017,157.12,156.95,161.23,30445283,159.53,IBM
10/19/2017,159.8,159.085,160.96,9878844,160.9,IBM
10/20/2017,161.07,159.77,162.48,7848320,162.07,IBM
10/23/2017,162.05,159.54,162.51,5765384,159.55,IBM
10/24/2017,159.65,155.171,159.7,8173017,155.88,IBM
10/25/2017,156.01,153.06,156.37,5443794,153.5,IBM
10/26/2017,154.31,153.54,155.12,4253664,153.6,IBM
10/27/2017,154.54,152.911,154.63,4893779,153.68,IBM
10/30/2017,153.76,152.71,154.59,4206189,154.36,IBM
10/31/2017,154.33,152.93,154.93,4224346,154.06,IBM
11/1/2017,154.1,153.83,154.9,3228302,154.03,IBM
11/2/2017,154.18,152.91,154.49,3388284,153.35,IBM
11/3/2017,153.42,151.49,153.47,4420582,151.58,IBM
11/6/2017,151.77,150.28,151.82,4498372,150.84,IBM
11/7/2017,151.37,150.5,151.51,3688378,151.35,IBM
11/9/2017,149.93,149.86,151.8,4770841,150.3,IBM
11/10/2017,150.65,149.14,150.89,4304369,149.16,IBM
11/13/2017,148.88,147.92,149,5085257,148.4,IBM
11/14/2017,147.95,147.49,148.97,3691934,148.89,IBM
11/15/2017,148,146.211,148.705,4695745,147.1,IBM
11/16/2017,147.73,147.5,149.65,5393609,149.12,IBM
11/17/2017,149.34,148.83,150.15,4865373,148.97,IBM
11/20/2017,150.64,149.9,151.95,5654091,150.51,IBM
11/21/2017,151.3,151.2,152.45,3663246,151.95,IBM
11/22/2017,152,151.33,152.39,3125416,151.77,IBM
11/24/2017,151.95,151.33,152.2,1193025,151.84,IBM
11/27/2017,152.06,151.62,152.49,3303663,151.98,IBM
11/28/2017,152.35,151.7,152.93,3915618,152.47,IBM
11/29/2017,152.81,152.17,153.61,4946634,153.55,IBM
11/30/2017,153.65,153.08,154.41,6254399,153.97,IBM
12/1/2017,154.4,152.9125,155.02,5526823,154.76,IBM
12/4/2017,155.67,155.07,156.8,4639109,156.46,IBM
12/5/2017,156.45,154.68,156.74,5042724,155.35,IBM
12/6/2017,155.69,154.09,156.22,3345712,154.1,IBM
12/7/2017,154.03,153.26,154.45,3768443,153.57,IBM
12/8/2017,153.94,153.55,155.03,3440847,154.81,IBM
12/11/2017,154.97,154.57,155.89,4068982,155.41,IBM
12/12/2017,155.2,155.16,157.85,6314835,156.74,IBM
12/13/2017,156.6,153.89,156.73,5624428,153.91,IBM
12/14/2017,154.5,153.7,155.11,4623845,154,IBM
12/15/2017,153.75,152.03,153.8,10469312,152.5,IBM
12/18/2017,153.41,153.21,154.18,5054265,153.33,IBM
12/19/2017,154.135,153.09,154.17,4111495,153.23,IBM
12/20/2017,153.65,152.78,153.89,3771425,152.95,IBM
12/21/2017,153.17,151.49,153.46,4126632,151.5,IBM
12/22/2017,151.71,151.5,153,2982114,152.5,IBM
12/26/2017,152.51,152.5,153.86,2477240,152.83,IBM
12/27/2017,152.95,152.61,153.18,2116522,153.13,IBM
12/28/2017,153.2,153.2,154.12,2669076,154.04,IBM
12/29/2017,154.17,153.415,154.72,3310894,153.42,IBM
1/2/2018,154.5,153.54,154.81,4195225,154.25,IBM
1/3/2018,157.34,156.33,159.81,9439063,158.49,IBM
1/4/2018,159.65,159.37,162.3237,7363843,161.7,IBM
1/5/2018,162.44,161.101,162.9,5162075,162.49,IBM
1/8/2018,162.66,161.701,163.905,5101023,163.47,IBM
1/9/2018,163.9,163.06,164.53,4333418,163.83,IBM
1/10/2018,162.91,162.5,164.33,4150836,164.18,IBM
1/11/2018,164.8,163.3,164.94,3783614,164.2,IBM
1/12/2018,164.02,163.03,164.74,5007254,163.14,IBM
1/16/2018,165.1,163.35,165.29,7588202,163.85,IBM
1/17/2018,168.01,167.26,169.1253,11630539,168.65,IBM
1/18/2018,170,168.15,171.13,10948033,169.12,IBM
1/19/2018,164.46,161.3,165.4,21079530,162.37,IBM
1/22/2018,161.51,161.11,163.98,8340507,162.6,IBM
1/23/2018,162.82,162.51,166.26,7417268,166.25,IBM
1/24/2018,166.75,164.82,168.72,5507664,165.37,IBM
1/25/2018,165.91,165.19,166.78,3240177,165.47,IBM
1/26/2018,166.12,165.79,167.4142,3664496,167.34,IBM
1/29/2018,167.45,166.01,168.39,3423903,166.8,IBM
1/30/2018,166.21,163.155,166.77,4796200,163.62,IBM
1/31/2018,163.75,162.761,164.99,4025105,163.7,IBM
2/1/2018,163.19,161.9,164.13,4422505,162.4,IBM
2/2/2018,161.7,158.8663,162,5174779,159.03,IBM
2/5/2018,157.89,150,158.5,8600416,152.53,IBM
2/6/2018,150.29,149.11,155.49,9823824,155.34,IBM
2/7/2018,154.17,153.28,155.34,6069258,153.85,IBM
2/8/2018,152.48,147.5,153.16,6599136,147.59,IBM
2/9/2018,148.6,144.3955,150.54,7763603,149.51,IBM
2/12/2018,150.9,150.3,152.4,5659623,151.4,IBM
2/13/2018,150.9,149.64,151.179,4854790,150.75,IBM
2/14/2018,150.19,150,155,5422862,154.76,IBM
2/15/2018,155.5,153.7,156.86,5525079,156.01,IBM
2/16/2018,155.71,155.69,157.7905,4239560,156.18,IBM
2/20/2018,155.79,153.87,155.96,4267801,155.16,IBM
2/21/2018,155.43,153.9,156.79,3492694,153.96,IBM
2/22/2018,154.5,152.79,155.04,4017699,153.18,IBM
2/23/2018,154.3,154.07,155.855,3208908,155.52,IBM
2/26/2018,155.81,155.51,158.88,3576723,158.58,IBM
2/27/2018,158.46,156.53,159.78,4192962,156.55,IBM
2/28/2018,157.5,155.8,158.1399,3761597,155.83,IBM
3/1/2018,155.53,152.79,156.9742,4039339,153.81,IBM
3/2/2018,152.79,151.88,154.76,3261141,154.49,IBM
3/5/2018,154.12,153.75,157.49,3670630,156.95,IBM
3/6/2018,157.28,155.1568,157.89,3594049,155.72,IBM
3/7/2018,155,154.73,158.83,4607677,158.32,IBM
3/8/2018,159,155.07,159.57,6095521,156.21,IBM
3/9/2018,157.47,157.3,159.5825,4783247,159.31,IBM
3/12/2018,159.64,158.87,161.02,5056489,160.26,IBM
3/13/2018,160.09,158.81,162.1122,4097662,159.32,IBM
3/14/2018,160.17,157.74,160.68,3614293,158.12,IBM
3/15/2018,158.71,158.52,161.25,3860479,159.61,IBM
3/16/2018,160.06,159.64,161.98,8447294,160.26,IBM
3/19/2018,159.71,156.45,159.8899,5415258,157.35,IBM
3/20/2018,157.52,155.29,157.93,4296935,156.2,IBM
3/21/2018,156.57,155.92,158.2,3240695,156.69,IBM
3/22/2018,155,152,155.2499,4617371,152.09,IBM
3/23/2018,152.25,148.541,152.58,4389015,148.89,IBM
3/26/2018,151.21,150.28,153.657,4038586,153.37,IBM
3/27/2018,153.95,151.16,154.8697,3810994,151.91,IBM
