date,open,low,high,volume,close,Name
1/2/2014,555.68,552.021,557.03,8381600,553.13,AAPL
1/3/2014,552.86,540.43,553.7,14016700,540.98,AAPL
1/6/2014,537.45,533.6,546.8,14736100,543.93,AAPL
1/7/2014,544.32,537.925,545.96,11328900,540.0375,AAPL
1/8/2014,538.81,538.69,545.56,9233200,543.46,AAPL
1/9/2014,546.8,535.3501,546.86,9969600,536.519,AAPL
1/10/2014,539.83,531.11,540.8,10892000,532.94,AAPL
1/13/2014,529.91,529.88,542.5,13517600,535.73,AAPL
1/14/2014,538.22,537.66,546.73,11877200,546.39,AAPL
1/15/2014,553.52,551.66,560.2,13987100,557.36,AAPL
1/16/2014,554.9,551.68,556.85,8188500,554.25,AAPL
1/17/2014,551.48,539.9,552.07,15240700,540.67,AAPL
1/21/2014,540.99,540.42,550.07,11733100,549.07,AAPL
1/22/2014,550.9147,547.81,557.29,13570900,551.51,AAPL
1/23/2014,549.94,544.8064,556.5,14401400,556.18,AAPL
1/24/2014,554,544.75,555.62,15334100,546.07,AAPL
1/27/2014,550.07,545.75,554.8,19817100,550.5,AAPL
1/28/2014,508.76,502.07,515,38054400,506.5,AAPL
1/29/2014,503.95,498.62,507.37,17957500,500.75,AAPL
1/30/2014,502.54,496.7,506.5,24232200,499.782,AAPL
1/31/2014,495.18,493.55,501.53,16599900,500.6,AAPL
2/3/2014,502.61,499.3,507.73,14338000,501.53,AAPL
2/4/2014,505.85,502.76,509.46,13452900,508.79,AAPL
2/5/2014,506.56,506.2519,515.28,11726600,512.59,AAPL
2/6/2014,510.06,507.81,513.5,9205900,512.51,AAPL
2/7/2014,521.38,517.38,522.9299,13224300,519.68,AAPL
2/10/2014,518.66,518,531.99,12341400,528.99,AAPL
2/11/2014,530.61,529.5,537.75,10080600,535.96,AAPL
2/12/2014,536.95,533.24,539.56,11003600,535.92,AAPL
2/13/2014,534.66,534.2,544.85,10978500,544.43,AAPL
2/14/2014,542.47,541.21,545.9799,9747300,543.99,AAPL
2/18/2014,546,545.61,551.19,9294700,545.99,AAPL
2/19/2014,544.75,534.35,546.89,11206000,537.37,AAPL
2/20/2014,532.99,529,537,10923500,531.15,AAPL
2/21/2014,532.7927,524.6,534.57,9956600,525.25,AAPL
2/24/2014,523.15,522.42,529.9199,10318200,527.55,AAPL
2/25/2014,529.38,521,529.565,8284000,522.06,AAPL
2/26/2014,523.61,515.6,525,9864900,517.35,AAPL
2/27/2014,517.14,516.05,528.78,10781500,527.67,AAPL
2/28/2014,529.08,522.12,532.75,13284600,526.24,AAPL
3/3/2014,523.42,522.81,530.65,8527900,527.76,AAPL
3/4/2014,531,527.77,532.64,9255000,531.24,AAPL
3/5/2014,530.92,529.13,534.75,7145100,532.36,AAPL
3/6/2014,532.79,528.1,534.4399,6624600,530.75,AAPL
3/7/2014,531.09,526.05,531.98,7883200,530.44,AAPL
3/10/2014,528.36,528.3391,533.33,6378000,530.92,AAPL
3/11/2014,535.45,532.59,538.74,9972300,536.09,AAPL
3/12/2014,534.51,532,537.35,7118800,536.61,AAPL
3/13/2014,537.44,529.16,539.66,9205100,530.65,AAPL
3/14/2014,528.79,523,530.89,8471400,524.69,AAPL
3/17/2014,527.7,525.85,529.97,7126600,526.74,AAPL
3/18/2014,525.9,525.2001,531.97,7487400,531.4,AAPL
3/19/2014,532.26,529,536.24,8027000,531.26,AAPL
3/20/2014,529.89,527.35,532.67,7442800,528.7,AAPL
3/21/2014,531.93,526.33,533.75,13358800,532.87,AAPL
3/24/2014,538.42,535.06,540.5,12703600,539.19,AAPL
3/25/2014,541.5,539.59,545.75,10081900,544.99,AAPL
3/26/2014,546.52,538.86,549,10706000,539.78,AAPL
3/27/2014,540.015,535.1201,541.5,7929700,537.46,AAPL
3/28/2014,538.32,534.25,538.9399,7163000,536.86,AAPL
3/31/2014,539.23,535.93,540.81,6023900,536.74,AAPL
4/1/2014,537.76,536.77,541.87,7170000,541.65,AAPL
4/2/2014,542.38,540.26,543.48,6443600,542.55,AAPL
4/3/2014,541.39,537.64,542.5,5798000,538.79,AAPL
4/4/2014,539.81,530.58,540,9830400,531.82,AAPL
4/7/2014,528.02,521.89,530.9,10351800,523.47,AAPL
4/8/2014,525.19,518.7001,526.12,8710300,523.44,AAPL
4/9/2014,522.64,522.02,530.49,7363200,530.32,AAPL
4/10/2014,530.68,523.17,532.24,8559000,523.48,AAPL
4/11/2014,519,517.14,522.83,9704200,519.61,AAPL
4/14/2014,521.9,517.21,522.16,7345500,521.68,AAPL
4/15/2014,520.27,511.33,521.64,9517500,517.9599,AAPL
4/16/2014,518.05,514.1354,521.09,7670200,519.01,AAPL
4/17/2014,520,519.2,527.76,10154800,524.94,AAPL
4/21/2014,525.34,523.96,532.14,6519600,531.17,AAPL
4/22/2014,528.31,526.501,531.826,7234400,531.699,AAPL
4/23/2014,529.06,524.45,531.13,14105000,524.75,AAPL
4/24/2014,568.21,560.73,570,27139700,567.77,AAPL
4/25/2014,564.53,563.96,571.99,13938400,571.94,AAPL
4/28/2014,572.8,572.55,595.75,23910200,594.09,AAPL
4/29/2014,593.74,589.51,595.98,12049200,592.33,AAPL
4/30/2014,592.64,589.8,599.43,16308600,590.09,AAPL
5/1/2014,592,586.36,594.8,8716000,591.48,AAPL
5/2/2014,592.34,589.71,594.2,6839800,592.58,AAPL
5/5/2014,590.14,590,601,10252400,600.96,AAPL
5/6/2014,601.8,594.41,604.4099,13377300,594.41,AAPL
5/7/2014,595.25,587.73,597.29,10102300,592.33,AAPL
5/8/2014,588.25,586.4,594.41,8224900,587.99,AAPL
5/9/2014,584.54,580.33,586.25,10414200,585.5425,AAPL
5/12/2014,587.49,587.4,593.66,7614600,592.83,AAPL
5/13/2014,592,590.7,594.54,5704900,593.76,AAPL
5/14/2014,592.43,591.74,597.4,5943000,593.87,AAPL
5/15/2014,594.7,588.04,596.6,8244500,588.82,AAPL
5/16/2014,588.63,585.4,597.53,9866300,597.51,AAPL
5/19/2014,597.85,597.33,607.33,11348400,604.59,AAPL
5/20/2014,604.51,600.73,606.4,8387000,604.71,AAPL
5/21/2014,603.83,602.06,606.7,7030700,606.31,AAPL
5/22/2014,606.6,604.1,609.85,7170000,607.27,AAPL
5/23/2014,607.25,606.47,614.7293,8293200,614.13,AAPL
5/27/2014,615.88,615.63,625.86,12459500,625.63,AAPL
5/28/2014,626.02,623.78,629.83,11267200,624.01,AAPL
5/29/2014,627.85,627.77,636.87,13445500,635.38,AAPL
5/30/2014,637.98,628.9,644.17,20143600,633,AAPL
6/2/2014,633.96,622.5,634.83,13191100,628.65,AAPL
6/3/2014,628.46,628.25,638.74,10453900,637.54,AAPL
6/4/2014,637.44,636.11,647.89,11981500,644.82,AAPL
6/5/2014,646.2,642.61,649.3699,10850200,647.35,AAPL
6/6/2014,649.9,644.47,651.26,12497800,645.57,AAPL
6/9/2014,92.7,91.75,93.88,75414997,93.7,AAPL
6/10/2014,94.73,93.57,95.05,62777000,94.25,AAPL
6/11/2014,94.13,93.47,94.76,45681000,93.86,AAPL
6/12/2014,94.04,91.9,94.12,54749000,92.29,AAPL
6/13/2014,92.2,90.88,92.44,54525000,91.28,AAPL
6/16/2014,91.51,91.45,92.75,35561000,92.2,AAPL
6/17/2014,92.31,91.8,92.7,29726000,92.08,AAPL
6/18/2014,92.27,91.35,92.29,33514000,92.18,AAPL
6/19/2014,92.29,91.3389,92.3,35528000,91.86,AAPL
6/20/2014,91.85,90.9,92.55,100898000,90.91,AAPL
6/23/2014,91.32,90.6,91.62,43694000,90.83,AAPL
6/24/2014,90.75,90.19,91.74,39036000,90.28,AAPL
6/25/2014,90.21,89.65,90.7,36869000,90.36,AAPL
6/26/2014,90.37,89.8,91.05,32629000,90.9,AAPL
6/27/2014,90.82,90.77,92,64029000,91.98,AAPL
6/30/2014,92.1,92.09,93.725,49589000,92.93,AAPL
7/1/2014,93.52,93.13,94.07,38223000,93.52,AAPL
7/2/2014,93.865,93.09,94.06,28465000,93.48,AAPL
7/3/2014,93.67,93.2,94.1,22891800,94.03,AAPL
7/7/2014,94.14,94.1,95.99,56468000,95.968,AAPL
7/8/2014,96.27,93.92,96.8,65222000,95.35,AAPL
7/9/2014,95.44,94.76,95.95,36436000,95.39,AAPL
7/10/2014,93.76,93.52,95.55,39686000,95.035,AAPL
7/11/2014,95.36,94.8625,95.89,34018000,95.22,AAPL
7/14/2014,95.86,95.65,96.89,42810000,96.45,AAPL
7/15/2014,96.8,95.03,96.85,45477900,95.32,AAPL
7/16/2014,96.97,94.74,97.1,53502000,94.78,AAPL
7/17/2014,95.03,92.57,95.279,57298000,93.0899,AAPL
7/18/2014,93.62,93.02,94.74,49988000,94.43,AAPL
7/21/2014,94.99,93.72,95,39079000,93.939,AAPL
7/22/2014,94.68,94.12,94.89,55197000,94.72,AAPL
7/23/2014,95.42,95.17,97.88,92918000,97.19,AAPL
7/24/2014,97.035,96.42,97.32,45729000,97.03,AAPL
7/25/2014,96.85,96.64,97.84,43469000,97.671,AAPL
7/28/2014,97.82,97.55,99.24,55318000,99.02,AAPL
7/29/2014,99.33,98.25,99.44,43143000,98.38,AAPL
7/30/2014,98.44,97.67,98.7,33010000,98.15,AAPL
7/31/2014,97.16,95.33,97.45,56843000,95.6,AAPL
8/1/2014,94.9,94.81,96.62,48511000,96.13,AAPL
8/4/2014,96.37,95.17,96.58,39958000,95.59,AAPL
8/5/2014,95.36,94.36,95.68,55933000,95.12,AAPL
8/6/2014,94.75,94.71,95.48,38558000,94.96,AAPL
8/7/2014,94.93,94.1,95.95,46711000,94.48,AAPL
8/8/2014,94.26,93.28,94.82,41865000,94.74,AAPL
8/11/2014,95.27,94.8355,96.08,36585000,95.99,AAPL
8/12/2014,96.04,95.61,96.88,33795000,95.97,AAPL
8/13/2014,96.15,96.04,97.24,31916000,97.24,AAPL
8/14/2014,97.33,96.8,97.57,28116000,97.5,AAPL
8/15/2014,97.9,96.86,98.19,48951000,97.98,AAPL
8/18/2014,98.49,97.98,99.37,47572000,99.16,AAPL
8/19/2014,99.41,99.32,100.68,69274700,100.53,AAPL
8/20/2014,100.44,99.95,101.09,52612800,100.57,AAPL
8/21/2014,100.57,100.11,100.94,33421900,100.58,AAPL
8/22/2014,100.29,100.19,101.47,44102400,101.32,AAPL
8/25/2014,101.79,101.28,102.17,40144700,101.54,AAPL
8/26/2014,101.42,100.86,101.5,33119800,100.889,AAPL
8/27/2014,101.02,100.7,102.57,46827400,102.13,AAPL
8/28/2014,101.59,101.56,102.78,68389800,102.25,AAPL
8/29/2014,102.86,102.2,102.9,44567000,102.5,AAPL
9/2/2014,103.06,102.72,103.74,53491400,103.3,AAPL
9/3/2014,103.1,98.58,103.2,125233100,98.94,AAPL
9/4/2014,98.85,97.79,100.09,85594800,98.12,AAPL
9/5/2014,98.8,98.31,99.39,58353200,98.97,AAPL
9/8/2014,99.3,98.05,99.31,46277800,98.36,AAPL
9/9/2014,99.08,96.14,103.08,189560600,97.99,AAPL
9/10/2014,98.01,97.76,101.11,100741900,101,AAPL
9/11/2014,100.41,99.62,101.44,62353100,101.43,AAPL
9/12/2014,101.21,101.08,102.19,62626100,101.66,AAPL
9/15/2014,102.81,101.44,103.05,61216500,101.63,AAPL
9/16/2014,99.8,98.89,101.26,66818200,100.86,AAPL
9/17/2014,101.27,100.5922,101.8,60892400,101.58,AAPL
9/18/2014,101.93,101.56,102.35,37023900,101.79,AAPL
9/19/2014,102.29,100.88,102.35,70838500,100.96,AAPL
9/22/2014,101.8,100.58,102.14,52722000,101.06,AAPL
9/23/2014,100.6,100.54,102.94,63347200,102.64,AAPL
9/24/2014,102.16,101.2,102.85,59725174,101.75,AAPL
9/25/2014,100.51,97.72,100.71,99565849,97.87,AAPL
9/26/2014,98.53,98.4,100.75,62370501,100.75,AAPL
9/29/2014,98.65,98.63,100.435,49766312,100.11,AAPL
9/30/2014,100.81,100.53,101.54,55264139,100.75,AAPL
10/1/2014,100.59,98.7,100.69,51491286,99.18,AAPL
10/2/2014,99.27,98.04,100.22,47757828,99.9,AAPL
10/3/2014,99.44,99.04,100.21,43469585,99.62,AAPL
10/6/2014,99.95,99.42,100.65,37051182,99.62,AAPL
10/7/2014,99.43,98.73,100.12,42094183,98.75,AAPL
10/8/2014,98.76,98.31,101.11,57404674,100.8,AAPL
10/9/2014,101.54,100.61,102.38,77376525,101.02,AAPL
10/10/2014,100.69,100.3,102.03,66331592,100.73,AAPL
10/13/2014,101.33,99.81,101.78,53583368,99.81,AAPL
10/14/2014,100.39,98.57,100.52,63688562,98.75,AAPL
10/15/2014,97.97,95.18,99.15,100933600,97.54,AAPL
10/16/2014,95.55,95.41,97.72,72154523,96.26,AAPL
10/17/2014,97.5,96.81,99,68179688,97.67,AAPL
10/20/2014,98.315,98.22,99.96,77517279,99.76,AAPL
10/21/2014,103.02,101.27,103.02,94623904,102.47,AAPL
10/22/2014,102.84,102.6,104.11,68263146,102.99,AAPL
10/23/2014,104.08,103.63,105.051,71074674,104.83,AAPL
10/24/2014,105.18,104.53,105.49,47053916,105.22,AAPL
10/27/2014,104.85,104.7,105.48,34187701,105.11,AAPL
10/28/2014,105.4,105.35,106.74,48060949,106.74,AAPL
10/29/2014,106.65,106.36,107.37,52687879,107.34,AAPL
10/30/2014,106.959,105.9,107.35,40654793,106.98,AAPL
10/31/2014,108.01,107.21,108.04,44639285,108,AAPL
11/3/2014,108.22,108.01,110.3,52282550,109.4,AAPL
11/4/2014,109.36,107.72,109.49,41574365,108.6,AAPL
11/5/2014,109.1,108.125,109.3,37435905,108.86,AAPL
11/6/2014,108.6,107.8,108.79,34968457,108.7,AAPL
11/7/2014,108.75,108.55,109.32,33691535,109.01,AAPL
11/10/2014,109.02,108.67,109.33,27195547,108.83,AAPL
11/11/2014,108.7,108.4,109.75,27442252,109.7,AAPL
11/12/2014,109.38,109.37,111.43,46942431,111.25,AAPL
11/13/2014,111.8,111.6,113.45,59522855,112.82,AAPL
11/14/2014,113.15,113.05,114.19,44063595,114.18,AAPL
11/17/2014,114.27,113.3,117.28,46746712,113.99,AAPL
11/18/2014,113.94,113.89,115.69,44223978,115.47,AAPL
11/19/2014,115.44,113.8,115.74,41869160,114.67,AAPL
11/20/2014,114.91,114.85,116.86,43395537,116.31,AAPL
11/21/2014,117.51,116.03,117.57,57179298,116.47,AAPL
11/24/2014,116.85,116.62,118.77,47450824,118.625,AAPL
11/25/2014,119.07,117.45,119.75,68840440,117.6,AAPL
11/26/2014,117.94,117.83,119.1,40831886,119,AAPL
11/28/2014,119.27,118.05,119.4,24814402,118.93,AAPL
12/1/2014,118.81,111.27,119.25,83814037,115.07,AAPL
12/2/2014,113.5,112.75,115.75,59348940,114.63,AAPL
12/3/2014,115.75,115.11,116.35,43063440,115.93,AAPL
12/4/2014,115.77,115.29,117.2,42155776,115.49,AAPL
12/5/2014,115.99,114.64,116.08,38318895,115,AAPL
12/8/2014,114.1,111.62,114.648,57664850,112.4,AAPL
12/9/2014,110.19,109.35,114.3,60208036,114.12,AAPL
12/10/2014,114.41,111.54,114.85,44565318,111.95,AAPL
12/11/2014,112.26,111.34,113.8,41471578,111.62,AAPL
12/12/2014,110.46,109.58,111.87,56028138,109.73,AAPL
12/15/2014,110.7,106.35,111.6,67218082,108.225,AAPL
12/16/2014,106.37,106.26,110.16,60790733,106.745,AAPL
12/17/2014,107.12,106.82,109.84,53411773,109.41,AAPL
12/18/2014,111.87,110.66,112.65,59006218,112.65,AAPL
12/19/2014,112.26,111.66,113.24,88429770,111.78,AAPL
12/22/2014,112.16,111.97,113.49,45167549,112.94,AAPL
12/23/2014,113.23,112.46,113.33,26028419,112.54,AAPL
12/24/2014,112.58,112.01,112.71,14479611,112.01,AAPL
12/26/2014,112.1,112.01,114.52,33720951,113.99,AAPL
12/29/2014,113.79,113.7,114.77,27598920,113.91,AAPL
12/30/2014,113.64,112.11,113.92,29881477,112.52,AAPL
12/31/2014,112.82,110.21,113.13,41403351,110.38,AAPL
1/2/2015,111.39,107.35,111.44,53204626,109.33,AAPL
1/5/2015,108.29,105.41,108.65,64285491,106.25,AAPL
1/6/2015,106.54,104.63,107.43,65797116,106.26,AAPL
1/7/2015,107.2,106.695,108.2,40105934,107.75,AAPL
1/8/2015,109.23,108.7,112.15,59364547,111.89,AAPL
1/9/2015,112.67,110.21,113.25,53315099,112.01,AAPL
1/12/2015,112.6,108.8,112.63,49650790,109.25,AAPL
1/13/2015,111.43,108.91,112.8,67091928,110.22,AAPL
1/14/2015,109.04,108.5,110.49,48956588,109.8,AAPL
1/15/2015,110,106.66,110.06,60013996,106.82,AAPL
1/16/2015,107.03,105.2,107.58,78513345,105.99,AAPL
1/20/2015,107.84,106.5,108.9667,49899907,108.72,AAPL
1/21/2015,108.95,108.27,111.06,48575897,109.55,AAPL
1/22/2015,110.26,109.72,112.47,53796409,112.4,AAPL
1/23/2015,112.3,111.53,113.75,46464828,112.98,AAPL
1/26/2015,113.74,112.8,114.3626,55614979,113.1,AAPL
1/27/2015,112.42,109.03,112.48,95568749,109.14,AAPL
1/28/2015,117.625,115.31,118.12,146477063,115.31,AAPL
1/29/2015,116.32,115.56,119.19,84436432,118.9,AAPL
1/30/2015,118.4,116.85,120,83745461,117.16,AAPL
2/2/2015,118.05,116.08,119.17,62739100,118.63,AAPL
2/3/2015,118.5,117.61,119.09,51915749,118.65,AAPL
2/4/2015,118.5,118.309,120.51,70149743,119.56,AAPL
2/5/2015,120.02,119.25,120.23,42246245,119.94,AAPL
2/6/2015,120.02,118.45,120.25,43706567,118.93,AAPL
2/9/2015,118.55,118.43,119.84,38889797,119.72,AAPL
2/10/2015,120.17,120.16,122.15,62008506,122.02,AAPL
2/11/2015,122.77,122.5,124.92,73561797,124.88,AAPL
2/12/2015,126.06,125.57,127.48,74474466,126.46,AAPL
2/13/2015,127.28,125.65,127.28,54272219,127.08,AAPL
2/17/2015,127.49,126.92,128.88,63152405,127.83,AAPL
2/18/2015,127.625,127.45,128.78,44891737,128.715,AAPL
2/19/2015,128.48,128.33,129.03,37362381,128.45,AAPL
2/20/2015,128.62,128.05,129.5,48948419,129.495,AAPL
2/23/2015,130.02,129.66,133,70974110,133,AAPL
2/24/2015,132.94,131.17,133.6,69228130,132.17,AAPL
2/25/2015,131.56,128.15,131.6,74711746,128.79,AAPL
2/26/2015,128.785,126.61,130.87,91287529,130.415,AAPL
2/27/2015,130,128.24,130.57,62014847,128.46,AAPL
3/2/2015,129.25,128.3,130.28,48096663,129.09,AAPL
3/3/2015,128.96,128.09,129.52,37816283,129.36,AAPL
3/4/2015,129.1,128.32,129.56,31666340,128.54,AAPL
3/5/2015,128.58,125.76,128.75,56517146,126.41,AAPL
3/6/2015,128.4,126.26,129.37,72842060,126.6,AAPL
3/9/2015,127.96,125.06,129.57,88528487,127.14,AAPL
3/10/2015,126.41,123.8,127.22,68856582,124.51,AAPL
3/11/2015,124.75,122.11,124.77,68938974,122.24,AAPL
3/12/2015,122.31,121.63,124.9,48362719,124.45,AAPL
3/13/2015,124.4,122.58,125.3951,51827283,123.59,AAPL
3/16/2015,123.88,122.87,124.95,35874300,124.95,AAPL
3/17/2015,125.9,125.65,127.32,51023104,127.04,AAPL
3/18/2015,127,126.37,129.16,65270945,128.47,AAPL
3/19/2015,128.75,127.4,129.2451,45809490,127.495,AAPL
3/20/2015,128.25,125.16,128.4,68695136,125.9,AAPL
3/23/2015,127.12,126.52,127.85,37709674,127.21,AAPL
3/24/2015,127.23,126.56,128.04,32842304,126.69,AAPL
3/25/2015,126.54,123.38,126.82,51655177,123.38,AAPL
3/26/2015,122.76,122.6,124.88,47572869,124.24,AAPL
3/27/2015,124.57,122.91,124.7,39546151,123.25,AAPL
3/30/2015,124.05,124,126.4,47099670,126.37,AAPL
3/31/2015,126.09,124.355,126.49,42090553,124.43,AAPL
4/1/2015,124.82,123.1,125.12,40621437,124.25,AAPL
4/2/2015,125.03,124.19,125.56,32220131,125.32,AAPL
4/6/2015,124.47,124.33,127.51,37193975,127.35,AAPL
4/7/2015,127.64,125.98,128.1218,35012268,126.01,AAPL
4/8/2015,125.85,124.97,126.4,37329243,125.6,AAPL
4/9/2015,125.85,124.66,126.58,32483974,126.56,AAPL
4/10/2015,125.95,125.26,127.21,40187953,127.1,AAPL
4/13/2015,128.37,126.61,128.57,36365123,126.85,AAPL
4/14/2015,127,125.91,127.29,25524593,126.3,AAPL
4/15/2015,126.41,126.01,127.13,28970419,126.78,AAPL
4/16/2015,126.28,126.11,127.1,28368987,126.17,AAPL
4/17/2015,125.55,124.46,126.14,51957046,124.75,AAPL
4/20/2015,125.57,125.17,128.12,47054310,127.6,AAPL
4/21/2015,128.1,126.67,128.2,32435057,126.91,AAPL
4/22/2015,126.99,126.32,128.87,37654505,128.62,AAPL
4/23/2015,128.3,128.14,130.42,45770902,129.67,AAPL
4/24/2015,130.49,129.23,130.63,44525905,130.28,AAPL
4/27/2015,132.31,131.15,133.13,96954207,132.65,AAPL
4/28/2015,134.455,129.57,134.54,118923970,130.56,AAPL
4/29/2015,130.16,128.3,131.59,63386083,128.64,AAPL
4/30/2015,127.5,124.58,127.88,83195423,125.15,AAPL
5/1/2015,126.1,125.3,130.13,58512638,128.95,AAPL
5/4/2015,129.5,128.26,130.57,50988278,128.7,AAPL
5/5/2015,128.15,125.78,128.4498,49271416,125.8,AAPL
5/6/2015,126.56,123.36,126.75,72141010,125.01,AAPL
5/7/2015,124.77,124.02,126.08,43940895,125.26,AAPL
5/8/2015,126.68,126.11,127.62,55550382,127.62,AAPL
5/11/2015,127.39,125.625,127.56,42035757,126.32,AAPL
5/12/2015,125.6,124.82,126.88,48160032,125.865,AAPL
5/13/2015,126.15,125.87,127.19,34694235,126.01,AAPL
5/14/2015,127.41,127.16,128.95,45203456,128.95,AAPL
5/15/2015,129.07,128.21,129.49,38208034,128.77,AAPL
5/18/2015,128.38,128.36,130.72,50882918,130.19,AAPL
5/19/2015,130.69,129.64,130.88,44633240,130.07,AAPL
5/20/2015,130,129.34,130.98,36454932,130.06,AAPL
5/21/2015,130.07,129.83,131.63,39730364,131.39,AAPL
5/22/2015,131.6,131.4,132.97,45595972,132.54,AAPL
5/26/2015,132.6,129.12,132.91,70697560,129.62,AAPL
5/27/2015,130.34,130.05,132.26,45833246,132.045,AAPL
5/28/2015,131.86,131.1,131.95,30733309,131.78,AAPL
5/29/2015,131.23,129.9,131.45,50884452,130.28,AAPL
6/1/2015,131.2,130.05,131.39,32112797,130.535,AAPL
6/2/2015,129.86,129.32,130.655,33667627,129.96,AAPL
6/3/2015,130.66,129.9,130.94,30983542,130.12,AAPL
6/4/2015,129.58,128.91,130.58,38450118,129.36,AAPL
6/5/2015,129.5,128.36,129.69,35626800,128.65,AAPL
6/8/2015,128.9,126.83,129.21,52674786,127.8,AAPL
6/9/2015,126.7,125.62,128.08,56075420,127.42,AAPL
6/10/2015,127.92,127.85,129.34,39087250,128.88,AAPL
6/11/2015,129.18,128.475,130.18,35390887,128.59,AAPL
6/12/2015,128.185,127.11,128.33,36886246,127.17,AAPL
6/15/2015,126.1,125.71,127.24,43988946,126.92,AAPL
6/16/2015,127.03,126.37,127.85,31494131,127.6,AAPL
6/17/2015,127.72,126.74,127.88,32918071,127.3,AAPL
6/18/2015,127.23,127.22,128.31,35407220,127.88,AAPL
6/19/2015,127.71,126.4,127.82,54716887,126.6,AAPL
6/22/2015,127.49,127.08,128.06,34039345,127.61,AAPL
6/23/2015,127.48,126.8792,127.61,30268863,127.03,AAPL
6/24/2015,127.21,127.12,129.8,55280855,128.11,AAPL
6/25/2015,128.86,127.5,129.2,31938100,127.5,AAPL
6/26/2015,127.67,126.51,127.99,44066841,126.75,AAPL
6/29/2015,125.46,124.48,126.47,49161427,124.53,AAPL
6/30/2015,125.57,124.86,126.12,44370682,125.425,AAPL
7/1/2015,126.9,125.99,126.94,30238811,126.6,AAPL
7/2/2015,126.43,125.77,126.69,27210952,126.44,AAPL
7/6/2015,124.94,124.85,126.23,28060431,126,AAPL
7/7/2015,125.89,123.77,126.15,46946811,125.69,AAPL
7/8/2015,124.48,122.54,124.64,60761614,122.57,AAPL
7/9/2015,123.85,119.22,124.06,78595038,120.07,AAPL
7/10/2015,121.94,121.21,123.85,61354474,123.28,AAPL
7/13/2015,125.03,124.32,125.755,41440538,125.66,AAPL
7/14/2015,126.04,125.04,126.37,31768139,125.61,AAPL
7/15/2015,125.72,125.58,127.15,33649200,126.82,AAPL
7/16/2015,127.74,127.35,128.57,36222447,128.51,AAPL
7/17/2015,129.08,128.31,129.62,46164710,129.62,AAPL
7/20/2015,130.97,130.7,132.97,58900203,132.07,AAPL
7/21/2015,132.85,130.32,132.92,76756427,130.75,AAPL
7/22/2015,121.99,121.99,125.5,115450607,125.22,AAPL
7/23/2015,126.2,125.06,127.09,50999452,125.16,AAPL
7/24/2015,125.32,123.9,125.74,42162332,124.5,AAPL
7/27/2015,123.09,122.12,123.61,44455540,122.77,AAPL
7/28/2015,123.38,122.55,123.91,33618097,123.38,AAPL
7/29/2015,123.15,122.27,123.5,37011653,122.99,AAPL
7/30/2015,122.32,121.71,122.5699,33628268,122.37,AAPL
7/31/2015,122.6,120.91,122.6425,42884953,121.3,AAPL
8/3/2015,121.5,117.52,122.57,69975968,118.44,AAPL
8/4/2015,117.42,113.25,117.7,124138623,114.64,AAPL
8/5/2015,112.95,112.1,117.44,98384461,115.4,AAPL
8/6/2015,115.97,114.115,116.5,52903040,115.13,AAPL
8/7/2015,114.58,114.5,116.25,38670405,115.52,AAPL
8/10/2015,116.53,116.53,119.99,54951597,119.72,AAPL
8/11/2015,117.81,113.33,118.18,97082814,113.49,AAPL
8/12/2015,112.53,109.63,115.42,101685610,115.24,AAPL
8/13/2015,116.04,114.54,116.4,48535789,115.15,AAPL
8/14/2015,114.32,114.01,116.31,42929516,115.96,AAPL
8/17/2015,116.04,115.5,117.65,40884745,117.16,AAPL
8/18/2015,116.43,116.01,117.44,34560708,116.5,AAPL
8/19/2015,116.1,114.68,116.52,48286510,115.01,AAPL
8/20/2015,114.08,111.63,114.35,68501622,112.65,AAPL
8/21/2015,110.43,105.645,111.9,128275471,105.76,AAPL
8/24/2015,94.87,92,108.8,162206292,103.12,AAPL
8/25/2015,111.11,103.5,111.11,103601599,103.74,AAPL
8/26/2015,107.085,105.05,109.89,96774611,109.69,AAPL
8/27/2015,112.25,110.02,113.24,84616056,112.92,AAPL
8/28/2015,112.17,111.54,113.31,53164407,113.29,AAPL
8/31/2015,112.13,112,114.53,56229271,112.76,AAPL
9/1/2015,110.18,107.36,111.88,76845860,107.72,AAPL
9/2/2015,110,109.131,112.34,61888812,112.34,AAPL
9/3/2015,112.49,110.04,112.78,53233940,110.37,AAPL
9/4/2015,108.97,108.51,110.45,49996311,109.27,AAPL
9/8/2015,111.65,110.32,112.56,54843626,112.31,AAPL
9/9/2015,113.76,109.77,114.02,85010804,110.15,AAPL
9/10/2015,110.27,109.9,113.2825,62892831,112.57,AAPL
9/11/2015,111.79,111.76,114.21,49915473,114.21,AAPL
9/14/2015,116.58,114.86,116.89,58363431,115.31,AAPL
9/15/2015,115.93,114.42,116.53,43341155,116.28,AAPL
9/16/2015,116.25,115.44,116.54,37173489,116.41,AAPL
9/17/2015,115.66,113.715,116.49,64112641,113.92,AAPL
9/18/2015,112.21,111.87,114.3,74285291,113.45,AAPL
9/21/2015,113.67,113.66,115.37,50221965,115.21,AAPL
9/22/2015,113.38,112.5201,114.18,50346159,113.4,AAPL
9/23/2015,113.63,113.3,114.72,35756716,114.32,AAPL
9/24/2015,113.25,112.37,115.5,50219475,115,AAPL
9/25/2015,116.44,114.02,116.69,56151926,114.71,AAPL
9/28/2015,113.85,112.44,114.57,50782189,112.44,AAPL
9/29/2015,112.83,107.86,113.51,73365384,109.06,AAPL
9/30/2015,110.17,108.73,111.54,65041596,109.95,AAPL
10/1/2015,109.07,107.31,109.62,63929100,109.58,AAPL
10/2/2015,108.01,107.55,111.0136,58019758,110.38,AAPL
10/5/2015,109.88,109.07,111.3698,52064743,110.78,AAPL
10/6/2015,110.63,109.765,111.74,48856977,111.31,AAPL
10/7/2015,111.74,109.41,111.77,46765550,110.78,AAPL
10/8/2015,110.19,108.21,110.19,61979577,109.5,AAPL
10/9/2015,110,109.49,112.28,52766140,112.12,AAPL
10/12/2015,112.73,111.44,112.75,30467204,111.6,AAPL
10/13/2015,110.82,110.68,112.45,33049256,111.79,AAPL
10/14/2015,111.29,109.56,111.52,44462449,110.21,AAPL
10/15/2015,110.93,110.49,112.1,37673452,111.86,AAPL
10/16/2015,111.78,110.53,112,39232609,111.04,AAPL
10/19/2015,110.8,110.11,111.75,29759153,111.73,AAPL
10/20/2015,111.34,110.82,114.17,48967763,113.77,AAPL
10/21/2015,114,113.7,115.58,42326974,113.76,AAPL
10/22/2015,114.33,114.1,115.5,41654089,115.5,AAPL
10/23/2015,116.7,116.33,119.228,59366914,119.08,AAPL
10/26/2015,118.08,114.92,118.13,66333781,115.28,AAPL
10/27/2015,115.4,113.99,116.54,69884400,114.55,AAPL
10/28/2015,116.93,116.06,119.3,85551352,119.27,AAPL
10/29/2015,118.7,118.27,120.69,51227334,120.53,AAPL
10/30/2015,120.99,119.45,121.22,49365254,119.5,AAPL
11/2/2015,119.87,119.61,121.36,32203267,121.18,AAPL
11/3/2015,120.79,120.7,123.49,45518976,122.57,AAPL
11/4/2015,123.13,121.62,123.82,44886050,122,AAPL
11/5/2015,121.85,120.18,122.69,39552680,120.92,AAPL
11/6/2015,121.11,120.62,121.81,33042283,121.06,AAPL
11/9/2015,120.96,120.05,121.81,33871405,120.57,AAPL
11/10/2015,116.9,116.061,118.07,59127931,116.77,AAPL
11/11/2015,116.37,115.21,117.42,45217971,116.11,AAPL
11/12/2015,116.26,115.65,116.82,32525579,115.72,AAPL
11/13/2015,115.2,112.27,115.57,45812403,112.34,AAPL
11/16/2015,111.38,111,114.24,38106701,114.175,AAPL
11/17/2015,114.92,113.32,115.05,27583101,113.69,AAPL
11/18/2015,115.76,115.5,117.49,46674697,117.29,AAPL
11/19/2015,117.64,116.76,119.75,43295820,118.78,AAPL
11/20/2015,119.2,118.85,119.92,34287096,119.3,AAPL
11/23/2015,119.27,117.34,119.73,32482528,117.75,AAPL
11/24/2015,117.33,117.12,119.35,42803172,118.88,AAPL
11/25/2015,119.21,117.92,119.23,21388308,118.03,AAPL
11/27/2015,118.29,117.6,118.41,13046445,117.81,AAPL
11/30/2015,117.99,117.75,119.41,39180322,118.3,AAPL
12/1/2015,118.75,116.86,118.81,34852374,117.34,AAPL
12/2/2015,117.05,116.08,118.11,33386563,116.28,AAPL
12/3/2015,116.55,114.22,116.79,41569509,115.2,AAPL
12/4/2015,115.29,115.11,119.25,57776977,119.03,AAPL
12/7/2015,118.98,117.81,119.86,32084249,118.28,AAPL
12/8/2015,117.52,116.86,118.6,34309450,118.23,AAPL
12/9/2015,117.64,115.08,117.69,46361357,115.62,AAPL
12/10/2015,116.04,115.51,116.94,29212727,116.17,AAPL
12/11/2015,115.19,112.851,115.39,46886161,113.18,AAPL
12/14/2015,112.18,109.79,112.68,65003609,112.48,AAPL
12/15/2015,111.94,110.35,112.8,53323105,110.49,AAPL
12/16/2015,111.07,108.8,111.99,56238467,111.34,AAPL
12/17/2015,112.02,108.98,112.25,44772827,108.98,AAPL
12/18/2015,108.91,105.81,109.52,96453327,106.03,AAPL
12/21/2015,107.28,105.57,107.37,47590610,107.33,AAPL
12/22/2015,107.4,106.451,107.72,32789367,107.23,AAPL
12/23/2015,107.27,107.2,108.85,32657354,108.61,AAPL
12/24/2015,109,107.95,109,13596680,108.03,AAPL
12/28/2015,107.59,106.1807,107.69,26704210,106.82,AAPL
12/29/2015,106.96,106.86,109.43,30931243,108.74,AAPL
12/30/2015,108.58,107.18,108.7,25213777,107.32,AAPL
12/31/2015,107.01,104.82,107.03,40912316,105.26,AAPL
1/4/2016,102.61,102,105.368,67649387,105.35,AAPL
1/5/2016,105.75,102.41,105.85,55790992,102.71,AAPL
1/6/2016,100.56,99.87,102.37,68457388,100.7,AAPL
1/7/2016,98.68,96.43,100.13,81094428,96.45,AAPL
1/8/2016,98.55,96.76,99.11,70798016,96.96,AAPL
1/11/2016,98.97,97.34,99.06,49739377,98.53,AAPL
1/12/2016,100.55,98.8399,100.69,49154227,99.96,AAPL
1/13/2016,100.32,97.3,101.19,62439631,97.39,AAPL
1/14/2016,97.96,95.74,100.48,63170127,99.52,AAPL
1/15/2016,96.2,95.36,97.71,79833891,97.13,AAPL
1/19/2016,98.41,95.5,98.65,53087747,96.66,AAPL
1/20/2016,95.1,93.42,98.1897,72334416,96.79,AAPL
1/21/2016,97.06,94.94,97.88,52161463,96.3,AAPL
1/22/2016,98.63,98.37,101.46,65800467,101.42,AAPL
1/25/2016,101.52,99.21,101.53,51794525,99.44,AAPL
1/26/2016,99.93,98.07,100.88,75077002,99.99,AAPL
1/27/2016,96.04,93.34,96.6289,133369674,93.42,AAPL
1/28/2016,93.79,92.39,94.52,55678825,94.09,AAPL
1/29/2016,94.79,94.35,97.34,64416504,97.34,AAPL
2/1/2016,96.47,95.4,96.71,40943541,96.43,AAPL
2/2/2016,95.42,94.28,96.04,37357215,94.48,AAPL
2/3/2016,95,94.08,96.84,45964294,96.35,AAPL
2/4/2016,95.86,95.19,97.33,46471652,96.6,AAPL
2/5/2016,96.52,93.69,96.92,46418064,94.02,AAPL
2/8/2016,93.13,93.04,95.7,54021375,95.01,AAPL
2/9/2016,94.29,93.93,95.94,44331195,94.99,AAPL
2/10/2016,95.92,94.1,96.35,42343601,94.27,AAPL
2/11/2016,93.79,92.59,94.72,50074711,93.7,AAPL
2/12/2016,94.19,93.01,94.5,40351381,93.99,AAPL
2/16/2016,95.02,94.61,96.85,49057916,96.64,AAPL
2/17/2016,96.67,96.15,98.21,44863243,98.12,AAPL
2/18/2016,98.84,96.091,98.89,39020983,96.26,AAPL
2/19/2016,96,95.8,96.7599,35374173,96.04,AAPL
2/22/2016,96.31,95.92,96.9,34280758,96.88,AAPL
2/23/2016,96.4,94.55,96.5,31942633,94.69,AAPL
2/24/2016,93.98,93.32,96.38,36255745,96.1,AAPL
2/25/2016,96.05,95.25,96.76,27582659,96.76,AAPL
2/26/2016,97.2,96.58,98.0237,28991131,96.91,AAPL
2/29/2016,96.86,96.65,98.23,35216277,96.69,AAPL
3/1/2016,97.65,97.42,100.77,50407147,100.53,AAPL
3/2/2016,100.51,99.64,100.89,33169560,100.75,AAPL
3/3/2016,100.58,100.45,101.7099,36955742,101.5,AAPL
3/4/2016,102.37,101.37,103.75,46055100,103.01,AAPL
3/7/2016,102.39,100.96,102.83,35915810,101.87,AAPL
3/8/2016,100.78,100.4,101.76,31182194,101.03,AAPL
3/9/2016,101.31,100.27,101.58,27201683,101.12,AAPL
3/10/2016,101.41,100.15,102.24,33513577,101.17,AAPL
3/11/2016,102.24,101.5,102.28,27408237,102.26,AAPL
3/14/2016,101.91,101.78,102.91,25076062,102.52,AAPL
3/15/2016,103.96,103.85,105.18,40067734,104.58,AAPL
3/16/2016,104.61,104.59,106.31,38303493,105.97,AAPL
3/17/2016,105.52,104.96,106.47,34420705,105.8,AAPL
3/18/2016,106.34,105.19,106.5,44205171,105.92,AAPL
3/21/2016,105.93,105.1401,107.65,35502678,105.91,AAPL
3/22/2016,105.25,105.21,107.29,32444375,106.72,AAPL
3/23/2016,106.48,105.9,107.07,25703495,106.13,AAPL
3/24/2016,105.47,104.89,106.25,26132955,105.67,AAPL
3/28/2016,106,105.06,106.19,19411372,105.19,AAPL
3/29/2016,104.89,104.88,107.79,31190083,107.68,AAPL
3/30/2016,108.65,108.6,110.42,45601149,109.56,AAPL
3/31/2016,109.72,108.88,109.9,25888449,108.99,AAPL
4/1/2016,108.78,108.2,110,25873950,109.99,AAPL
4/4/2016,110.42,110.27,112.19,37356204,111.12,AAPL
4/5/2016,109.51,109.42,110.73,26578652,109.81,AAPL
4/6/2016,110.23,109.2,110.98,26404077,110.96,AAPL
4/7/2016,109.95,108.121,110.42,31801870,108.54,AAPL
4/8/2016,108.91,108.17,109.77,23581740,108.66,AAPL
4/11/2016,108.97,108.83,110.61,29407518,109.02,AAPL
4/12/2016,109.34,108.66,110.5,27232325,110.44,AAPL
4/13/2016,110.8,110.8,112.34,33257316,112.04,AAPL
4/14/2016,111.62,111.33,112.39,25473923,112.1,AAPL
4/15/2016,112.11,109.73,112.3,46938969,109.85,AAPL
4/18/2016,108.89,106.94,108.95,60821461,107.48,AAPL
4/19/2016,107.88,106.23,108,32384879,106.91,AAPL
4/20/2016,106.64,106.06,108.09,30611030,107.13,AAPL
4/21/2016,106.93,105.52,106.93,31552525,105.97,AAPL
4/22/2016,105.01,104.62,106.48,33683121,105.68,AAPL
4/25/2016,105,104.51,105.65,28031588,105.08,AAPL
4/26/2016,103.91,103.91,105.3,56016165,104.35,AAPL
4/27/2016,96,95.68,98.71,114602142,97.82,AAPL
4/28/2016,97.61,94.25,97.88,82242690,94.83,AAPL
4/29/2016,93.99,92.51,94.72,68531478,93.74,AAPL
5/2/2016,93.965,92.4,94.08,48160104,93.64,AAPL
5/3/2016,94.2,93.68,95.74,56831277,95.18,AAPL
5/4/2016,95.2,93.82,95.9,41025475,94.19,AAPL
5/5/2016,94,92.68,94.07,35890500,93.24,AAPL
5/6/2016,93.37,91.85,93.45,43699886,92.72,AAPL
5/9/2016,93,92.59,93.77,32936436,92.79,AAPL
5/10/2016,93.33,92.11,93.57,33686836,93.42,AAPL
5/11/2016,93.48,92.46,93.57,28719109,92.51,AAPL
5/12/2016,92.72,89.47,92.78,76314690,90.34,AAPL
5/13/2016,90,90,91.67,44392765,90.52,AAPL
5/16/2016,92.39,91.65,94.39,61259756,93.88,AAPL
5/17/2016,94.55,93.01,94.7,46916939,93.49,AAPL
5/18/2016,94.16,93.89,95.21,42062391,94.56,AAPL
5/19/2016,94.64,93.57,94.64,30442100,94.2,AAPL
5/20/2016,94.64,94.52,95.43,32025968,95.22,AAPL
5/23/2016,95.87,95.67,97.19,38018643,96.43,AAPL
5/24/2016,97.22,96.84,98.09,35140174,97.9,AAPL
5/25/2016,98.67,98.11,99.74,38642108,99.62,AAPL
5/26/2016,99.68,98.64,100.73,56331159,100.41,AAPL
5/27/2016,99.44,99.245,100.47,36341240,100.35,AAPL
5/31/2016,99.6,98.82,100.4,42307212,99.86,AAPL
6/1/2016,99.02,98.33,99.54,29173285,98.46,AAPL
6/2/2016,97.6,96.63,97.84,40191600,97.72,AAPL
6/3/2016,97.79,97.45,98.27,28504888,97.92,AAPL
6/6/2016,97.99,97.55,101.89,23292504,98.63,AAPL
6/7/2016,99.25,98.96,99.87,22409450,99.03,AAPL
6/8/2016,99.02,98.68,99.56,20848131,98.94,AAPL
6/9/2016,98.5,98.46,99.99,26601354,99.65,AAPL
6/10/2016,98.53,98.48,99.3457,31712936,98.83,AAPL
6/13/2016,98.69,97.1,99.12,38020494,97.34,AAPL
6/14/2016,97.32,96.75,98.475,31931944,97.46,AAPL
6/15/2016,97.82,97.03,98.41,29445227,97.14,AAPL
6/16/2016,96.45,96.07,97.75,31326815,97.55,AAPL
6/17/2016,96.62,95.3,96.65,61008219,95.33,AAPL
6/20/2016,96,95.03,96.57,34411901,95.1,AAPL
6/21/2016,94.94,94.676,96.35,35546358,95.91,AAPL
6/22/2016,96.25,95.35,96.89,29219122,95.55,AAPL
6/23/2016,95.94,95.25,96.29,32240187,96.1,AAPL
6/24/2016,92.91,92.65,94.655,75311356,93.4,AAPL
6/27/2016,93,91.5,93.05,46622188,92.04,AAPL
6/28/2016,92.9,92.14,93.66,40444914,93.59,AAPL
6/29/2016,93.97,93.63,94.55,36531006,94.4,AAPL
6/30/2016,94.44,94.3,95.77,35836356,95.6,AAPL
7/1/2016,95.49,95.33,96.465,26026540,95.89,AAPL
7/5/2016,95.39,94.46,95.4,27705210,94.99,AAPL
7/6/2016,94.6,94.37,95.66,30949090,95.53,AAPL
7/7/2016,95.7,95.62,96.5,25139558,95.94,AAPL
7/8/2016,96.49,96.05,96.89,28912103,96.68,AAPL
7/11/2016,96.75,96.73,97.65,23794945,96.98,AAPL
7/12/2016,97.17,97.12,97.7,24167463,97.42,AAPL
7/13/2016,97.41,96.84,97.67,25892171,96.87,AAPL
7/14/2016,97.39,97.32,98.99,38918997,98.79,AAPL
7/15/2016,98.92,98.5,99.3,30136990,98.78,AAPL
7/18/2016,98.7,98.6,100.13,36493867,99.83,AAPL
7/19/2016,99.56,99.34,100,23779924,99.87,AAPL
7/20/2016,100,99.735,100.46,26275968,99.96,AAPL
7/21/2016,99.83,99.13,101,32702028,99.43,AAPL
7/22/2016,99.26,98.31,99.3,28313669,98.66,AAPL
7/25/2016,98.25,96.92,98.84,40382921,97.34,AAPL
7/26/2016,96.82,96.42,97.97,56239822,96.67,AAPL
7/27/2016,104.265,102.75,104.35,92344820,102.95,AAPL
7/28/2016,102.83,102.82,104.45,39869839,104.34,AAPL
7/29/2016,104.19,103.68,104.55,27733688,104.21,AAPL
8/1/2016,104.41,104.41,106.15,38167871,106.05,AAPL
8/2/2016,106.05,104,106.07,33816556,104.48,AAPL
8/3/2016,104.81,104.77,105.84,30202641,105.79,AAPL
8/4/2016,105.58,105.28,106,27408650,105.87,AAPL
8/5/2016,106.27,106.18,107.65,40553402,107.48,AAPL
8/8/2016,107.52,107.16,108.37,28037220,108.37,AAPL
8/9/2016,108.23,108.01,108.94,26315204,108.81,AAPL
8/10/2016,108.71,107.76,108.9,24008505,108,AAPL
8/11/2016,108.52,107.85,108.93,27484506,107.93,AAPL
8/12/2016,107.78,107.78,108.44,18660434,108.18,AAPL
8/15/2016,108.14,108.08,109.54,25868209,109.48,AAPL
8/16/2016,109.63,109.21,110.23,33794448,109.38,AAPL
8/17/2016,109.1,108.34,109.37,25355976,109.22,AAPL
8/18/2016,109.23,109.02,109.6,21984703,109.08,AAPL
8/19/2016,108.77,108.36,109.69,25368072,109.36,AAPL
8/22/2016,108.86,107.85,109.1,25820230,108.51,AAPL
8/23/2016,108.59,108.53,109.32,21257669,108.85,AAPL
8/24/2016,108.565,107.68,108.75,23675081,108.03,AAPL
8/25/2016,107.39,106.68,107.88,25086248,107.57,AAPL
8/26/2016,107.41,106.31,107.95,27766291,106.94,AAPL
8/29/2016,106.62,106.29,107.44,24970300,106.82,AAPL
8/30/2016,105.8,105.5,106.5,24863945,106,AAPL
8/31/2016,105.66,105.64,106.5699,29662406,106.1,AAPL
9/1/2016,106.14,105.62,106.8,26701523,106.73,AAPL
9/2/2016,107.7,106.82,108,26802450,107.73,AAPL
9/6/2016,107.9,107.51,108.3,26880391,107.7,AAPL
9/7/2016,107.83,107.07,108.76,42364328,108.36,AAPL
9/8/2016,107.25,105.24,107.27,53002026,105.52,AAPL
9/9/2016,104.64,103.13,105.72,46556984,103.13,AAPL
9/12/2016,102.65,102.53,105.72,45292770,105.44,AAPL
9/13/2016,107.51,107.24,108.79,62176190,107.95,AAPL
9/14/2016,108.73,108.6,113.03,112340318,111.77,AAPL
9/15/2016,113.86,113.49,115.73,90613177,115.57,AAPL
9/16/2016,115.12,114.04,116.13,79886911,114.92,AAPL
9/19/2016,115.19,113.25,116.18,47023046,113.58,AAPL
9/20/2016,113.05,112.51,114.12,34514269,113.57,AAPL
9/21/2016,113.85,112.441,113.989,36003185,113.55,AAPL
9/22/2016,114.35,114,114.94,31073984,114.62,AAPL
9/23/2016,114.42,111.55,114.79,52481151,112.71,AAPL
9/26/2016,111.64,111.55,113.39,29869442,112.88,AAPL
9/27/2016,113,112.34,113.18,24607412,113.09,AAPL
9/28/2016,113.69,113.43,114.64,29641085,113.95,AAPL
9/29/2016,113.16,111.8,113.8,35886990,112.18,AAPL
9/30/2016,112.46,111.8,113.37,36379106,113.05,AAPL
10/3/2016,112.71,112.28,113.05,21701760,112.52,AAPL
10/4/2016,113.06,112.63,114.31,29736835,113,AAPL
10/5/2016,113.4,112.69,113.66,21453089,113.05,AAPL
10/6/2016,113.7,113.13,114.34,28779313,113.89,AAPL
10/7/2016,114.31,113.51,114.56,24358443,114.06,AAPL
10/10/2016,115.02,114.72,116.75,36235956,116.05,AAPL
10/11/2016,117.7,116.2,118.69,64041043,116.3,AAPL
10/12/2016,117.35,116.75,117.98,37586787,117.34,AAPL
10/13/2016,116.79,115.72,117.44,35192406,116.98,AAPL
10/14/2016,117.88,117.13,118.17,35652191,117.63,AAPL
10/17/2016,117.33,116.78,117.84,23624896,117.55,AAPL
10/18/2016,118.18,117.45,118.21,24553478,117.47,AAPL
10/19/2016,117.25,113.8,117.76,20034594,117.12,AAPL
10/20/2016,116.86,116.33,117.38,24125801,117.06,AAPL
10/21/2016,116.81,116.28,116.91,23192665,116.6,AAPL
10/24/2016,117.1,117,117.74,23538673,117.65,AAPL
10/25/2016,117.95,117.31,118.36,48128970,118.25,AAPL
10/26/2016,114.31,113.31,115.7,66134219,115.59,AAPL
10/27/2016,115.39,114.1,115.86,34562045,114.48,AAPL
10/28/2016,113.87,113.45,115.21,37861662,113.72,AAPL
10/31/2016,113.65,113.2,114.23,26419398,113.54,AAPL
11/1/2016,113.46,110.53,113.77,43825812,111.49,AAPL
11/2/2016,111.4,111.23,112.35,28331709,111.59,AAPL
11/3/2016,110.98,109.55,111.46,26932602,109.83,AAPL
11/4/2016,108.53,108.11,110.25,30836997,108.84,AAPL
11/7/2016,110.08,109.46,110.51,32560000,110.41,AAPL
11/8/2016,110.31,109.7,111.72,24254179,111.06,AAPL
11/9/2016,109.88,108.05,111.32,59176361,110.88,AAPL
11/10/2016,111.09,105.83,111.09,57134541,107.79,AAPL
11/11/2016,106.92,106.55,108.87,34143898,108.43,AAPL
11/14/2016,107.32,104.08,107.809,51175504,105.71,AAPL
11/15/2016,106.57,106.1593,107.68,32264510,107.11,AAPL
11/16/2016,106.7,106.6,110.23,58840522,109.99,AAPL
11/17/2016,109.81,108.83,110.35,27632003,109.95,AAPL
11/18/2016,109.72,109.66,110.54,28428917,110.06,AAPL
11/21/2016,110.12,110.01,111.99,29264571,111.73,AAPL
11/22/2016,111.95,111.4,112.42,25965534,111.8,AAPL
11/23/2016,111.36,110.33,111.51,27426394,111.23,AAPL
11/25/2016,111.13,110.95,111.87,11475922,111.79,AAPL
11/28/2016,111.43,111.39,112.465,27193983,111.57,AAPL
11/29/2016,110.78,110.07,112.03,28528750,111.46,AAPL
11/30/2016,111.56,110.27,112.2,36162258,110.52,AAPL
12/1/2016,110.365,109.03,110.94,37086862,109.49,AAPL
12/2/2016,109.17,108.85,110.09,26527997,109.9,AAPL
12/5/2016,110,108.25,110.03,34324540,109.11,AAPL
12/6/2016,109.5,109.19,110.36,26195462,109.95,AAPL
12/7/2016,109.26,109.16,111.19,29998719,111.03,AAPL
12/8/2016,110.86,110.6,112.43,27068316,112.12,AAPL
12/9/2016,112.31,112.31,114.7,34402627,113.95,AAPL
12/12/2016,113.29,112.49,115,26374377,113.3,AAPL
12/13/2016,113.84,113.75,115.92,43733811,115.19,AAPL
12/14/2016,115.04,114.98,116.2,34031834,115.19,AAPL
12/15/2016,115.38,115.23,116.73,46524544,115.82,AAPL
12/16/2016,116.47,115.645,116.5,44351134,115.97,AAPL
12/19/2016,115.8,115.75,117.38,27779423,116.64,AAPL
12/20/2016,116.74,116.68,117.5,21424965,116.95,AAPL
12/21/2016,116.8,116.78,117.4,23783165,117.06,AAPL
12/22/2016,116.35,115.64,116.51,26085854,116.29,AAPL
12/23/2016,115.59,115.59,116.52,14249484,116.52,AAPL
12/27/2016,116.52,116.49,117.8,18296855,117.26,AAPL
12/28/2016,117.52,116.2,118.0166,20905892,116.76,AAPL
12/29/2016,116.45,116.4,117.1095,15039519,116.73,AAPL
12/30/2016,116.65,115.43,117.2,30586265,115.82,AAPL
1/3/2017,115.8,114.76,116.33,28781865,116.15,AAPL
1/4/2017,115.85,115.75,116.51,21118116,116.02,AAPL
1/5/2017,115.92,115.81,116.8642,22193587,116.61,AAPL
1/6/2017,116.78,116.47,118.16,31751900,117.91,AAPL
1/9/2017,117.95,117.94,119.43,33561948,118.99,AAPL
1/10/2017,118.77,118.3,119.38,24462051,119.11,AAPL
1/11/2017,118.74,118.6,119.93,27588593,119.75,AAPL
1/12/2017,118.895,118.21,119.3,27086220,119.25,AAPL
1/13/2017,119.11,118.81,119.62,26111948,119.04,AAPL
1/17/2017,118.34,118.22,120.24,34439843,120,AAPL
1/18/2017,120,119.71,120.5,23712961,119.99,AAPL
1/19/2017,119.4,119.37,120.09,25597291,119.78,AAPL
1/20/2017,120.45,119.7346,120.45,32597892,120,AAPL
1/23/2017,120,119.77,120.81,22050218,120.08,AAPL
1/24/2017,119.55,119.5,120.1,23211038,119.97,AAPL
1/25/2017,120.42,120.28,122.1,32586673,121.88,AAPL
1/26/2017,121.67,121.6,122.44,26337576,121.94,AAPL
1/27/2017,122.14,121.6,122.35,20562944,121.95,AAPL
1/30/2017,120.93,120.66,121.63,30377503,121.63,AAPL
1/31/2017,121.15,120.62,121.39,49200993,121.35,AAPL
2/1/2017,127.03,127.01,130.49,111985040,128.75,AAPL
2/2/2017,127.975,127.78,129.39,33710411,128.53,AAPL
2/3/2017,128.31,128.16,129.19,24507301,129.08,AAPL
2/6/2017,129.13,128.9,130.5,26845924,130.29,AAPL
2/7/2017,130.54,130.45,132.09,38183841,131.53,AAPL
2/8/2017,131.35,131.22,132.22,23004072,132.04,AAPL
2/9/2017,131.65,131.12,132.445,28349859,132.42,AAPL
2/10/2017,132.46,132.05,132.94,20065458,132.12,AAPL
2/13/2017,133.08,132.75,133.82,23035421,133.29,AAPL
2/14/2017,133.47,133.25,135.09,33226223,135.02,AAPL
2/15/2017,135.52,134.62,136.27,35623100,135.51,AAPL
2/16/2017,135.67,134.8398,135.9,22584555,135.345,AAPL
2/17/2017,135.1,135.1,135.83,22198197,135.72,AAPL
2/21/2017,136.23,135.98,136.75,24507156,136.7,AAPL
2/22/2017,136.43,136.11,137.12,20836932,137.11,AAPL
2/23/2017,137.38,136.3,137.48,20788186,136.53,AAPL
2/24/2017,135.91,135.28,136.66,21776585,136.66,AAPL
2/27/2017,137.14,136.28,137.435,20257426,136.93,AAPL
2/28/2017,137.08,136.7,137.435,23482860,136.99,AAPL
3/1/2017,137.89,137.595,140.15,36414585,139.79,AAPL
3/2/2017,140,138.76,140.2786,26210984,138.96,AAPL
3/3/2017,138.78,138.59,139.83,21571121,139.78,AAPL
3/6/2017,139.365,138.5959,139.77,21750044,139.34,AAPL
3/7/2017,139.06,138.79,139.98,17446297,139.52,AAPL
3/8/2017,138.95,138.82,139.8,18707236,139,AAPL
3/9/2017,138.74,137.05,138.79,22155904,138.68,AAPL
3/10/2017,139.25,138.64,139.3571,19612801,139.14,AAPL
3/13/2017,138.85,138.82,139.43,17421717,139.2,AAPL
3/14/2017,139.3,138.84,139.65,15309065,138.99,AAPL
3/15/2017,139.41,139.025,140.7501,25691774,140.46,AAPL
3/16/2017,140.72,140.26,141.02,19231998,140.69,AAPL
3/17/2017,141,139.89,141,43884952,139.99,AAPL
3/20/2017,140.4,140.23,141.5,21542038,141.46,AAPL
3/21/2017,142.11,139.73,142.8,39529912,139.84,AAPL
3/22/2017,139.845,139.76,141.6,25860165,141.42,AAPL
3/23/2017,141.26,140.61,141.5844,20346301,140.92,AAPL
3/24/2017,141.5,140.35,141.74,22395563,140.64,AAPL
3/27/2017,139.39,138.62,141.22,23575094,140.88,AAPL
3/28/2017,140.91,140.62,144.04,33374805,143.8,AAPL
3/29/2017,143.68,143.19,144.49,29189955,144.12,AAPL
3/30/2017,144.19,143.5,144.5,21207252,143.93,AAPL
3/31/2017,143.72,143.01,144.27,19661651,143.66,AAPL
4/3/2017,143.71,143.05,144.12,19985714,143.7,AAPL
4/4/2017,143.25,143.17,144.89,19891354,144.77,AAPL
4/5/2017,144.22,143.81,145.46,27717854,144.02,AAPL
4/6/2017,144.29,143.45,144.52,21149034,143.66,AAPL
4/7/2017,143.73,143.27,144.18,16658543,143.34,AAPL
4/10/2017,143.6,142.9,143.8792,18933397,143.17,AAPL
4/11/2017,142.94,140.06,143.35,30379376,141.63,AAPL
4/12/2017,141.6,141.01,142.15,20350000,141.8,AAPL
4/13/2017,141.91,141.05,142.38,17822880,141.05,AAPL
4/17/2017,141.48,140.87,141.88,16582094,141.83,AAPL
4/18/2017,141.41,141.11,142.04,14697544,141.2,AAPL
4/19/2017,141.88,140.45,142,17328375,140.68,AAPL
4/20/2017,141.22,141.16,142.92,23319562,142.44,AAPL
4/21/2017,142.44,141.85,142.68,17320928,142.27,AAPL
4/24/2017,143.5,143.18,143.95,17116599,143.64,AAPL
4/25/2017,143.91,143.87,144.9,18216472,144.54,AAPL
4/26/2017,144.47,143.3762,144.6,19614287,143.6508,AAPL
4/27/2017,143.9225,143.31,144.16,13948980,143.79,AAPL
4/28/2017,144.09,143.27,144.3,20247187,143.65,AAPL
5/1/2017,145.1,144.96,147.2,32818760,146.6,AAPL
5/2/2017,147.54,146.84,148.09,39752670,147.51,AAPL
5/3/2017,145.59,144.27,147.49,45142806,147.06,AAPL
5/4/2017,146.52,145.81,147.14,23275690,146.53,AAPL
5/5/2017,146.76,146.76,148.98,26787359,148.96,AAPL
5/8/2017,149.03,149.03,153.7,48339210,153,AAPL
5/9/2017,153.87,153.45,154.88,35942435,153.96,AAPL
5/10/2017,153.63,152.11,153.94,25670456,153.26,AAPL
5/11/2017,152.45,152.31,154.07,25596687,153.95,AAPL
5/12/2017,154.7,154.67,156.42,32221756,156.1,AAPL
5/15/2017,156.01,155.05,156.65,25700983,155.7,AAPL
5/16/2017,155.94,154.72,156.06,19904679,155.47,AAPL
5/17/2017,153.6,149.71,154.57,49482818,150.25,AAPL
5/18/2017,151.27,151.13,153.34,33159664,152.54,AAPL
5/19/2017,153.38,152.63,153.98,26733798,152.96,AAPL
5/22/2017,154,152.91,154.58,22340069,153.99,AAPL
5/23/2017,154.9,153.31,154.9,19430358,153.8,AAPL
5/24/2017,153.84,152.67,154.17,19118319,153.34,AAPL
5/25/2017,153.73,153.03,154.35,19044463,153.87,AAPL
5/26/2017,154,153.31,154.24,21632202,153.61,AAPL
5/30/2017,153.42,153.33,154.43,20034934,153.67,AAPL
5/31/2017,153.97,152.38,154.17,23162873,152.76,AAPL
6/1/2017,153.17,152.22,153.33,16180143,153.18,AAPL
6/2/2017,153.58,152.89,155.45,27285861,155.45,AAPL
6/5/2017,154.34,153.46,154.45,24803858,153.93,AAPL
6/6/2017,153.9,153.78,155.81,26249630,154.45,AAPL
6/7/2017,155.02,154.48,155.98,20678772,155.37,AAPL
6/8/2017,155.25,154.4,155.54,20771367,154.99,AAPL
6/9/2017,155.19,146.02,155.19,64176149,148.98,AAPL
6/12/2017,145.74,142.51,146.09,71563614,145.32,AAPL
6/13/2017,147.16,145.15,147.45,33749154,146.59,AAPL
6/14/2017,147.5,143.84,147.5,31224203,145.16,AAPL
6/15/2017,143.32,142.21,144.4798,31348832,144.29,AAPL
6/16/2017,143.78,142.2,144.5,49180748,142.27,AAPL
6/19/2017,143.66,143.66,146.74,31449132,146.34,AAPL
6/20/2017,146.87,144.94,146.87,24572170,145.01,AAPL
6/21/2017,145.52,144.61,146.0693,21064679,145.87,AAPL
6/22/2017,145.77,145.1199,146.7,18673365,145.63,AAPL
6/23/2017,145.13,145.11,147.16,25997976,146.35,AAPL
6/26/2017,147.17,145.38,148.28,25524661,145.82,AAPL
6/27/2017,145.01,143.62,146.16,24423643,143.74,AAPL
6/28/2017,144.49,143.1601,146.11,21915939,145.83,AAPL
6/29/2017,144.71,142.28,145.13,31116980,143.68,AAPL
6/30/2017,144.45,143.78,144.96,22328979,144.02,AAPL
7/3/2017,144.88,143.1,145.3001,14276812,143.5,AAPL
7/5/2017,143.69,142.7237,144.79,20758795,144.09,AAPL
7/6/2017,143.02,142.41,143.5,23374374,142.73,AAPL
7/7/2017,142.9,142.9,144.75,18505351,144.18,AAPL
7/10/2017,144.11,143.37,145.95,21030466,145.06,AAPL
7/11/2017,144.73,144.38,145.85,18311156,145.53,AAPL
7/12/2017,145.87,144.82,146.18,23617964,145.74,AAPL
7/13/2017,145.5,145.44,148.49,24922788,147.77,AAPL
7/14/2017,147.97,147.33,149.33,19961788,149.04,AAPL
7/17/2017,148.82,148.57,150.9,23243713,149.56,AAPL
7/18/2017,149.2,148.67,150.13,17713795,150.08,AAPL
7/19/2017,150.48,149.95,151.42,20615419,151.02,AAPL
7/20/2017,151.5,150.19,151.74,17053326,150.34,AAPL
7/21/2017,149.99,148.88,150.44,24671002,150.27,AAPL
7/24/2017,150.58,149.9,152.44,21122730,152.09,AAPL
7/25/2017,151.8,151.8,153.84,18612649,152.74,AAPL
7/26/2017,153.35,153.06,153.93,15172136,153.46,AAPL
7/27/2017,153.75,147.3,153.99,32175875,150.56,AAPL
7/28/2017,149.89,149.19,150.23,16832947,149.5,AAPL
7/31/2017,149.9,148.13,150.33,19422655,148.85,AAPL
8/1/2017,149.1,148.41,150.22,24725526,150.05,AAPL
8/2/2017,159.28,156.16,159.75,69222793,157.14,AAPL
8/3/2017,157.05,155.02,157.21,26000738,155.57,AAPL
8/4/2017,156.07,155.69,157.4,20349532,156.39,AAPL
8/7/2017,,,,,,AAPL
8/8/2017,158.6,158.27,161.83,35775675,160.08,AAPL
8/9/2017,159.26,159.11,161.27,25640394,161.06,AAPL
8/10/2017,159.9,154.63,160,39081017,155.27,AAPL
8/11/2017,156.6,156.07,158.5728,25943187,157.48,AAPL
8/14/2017,159.32,158.75,160.21,21754810,159.85,AAPL
8/15/2017,160.66,160.14,162.195,27936774,161.6,AAPL
8/16/2017,161.94,160.15,162.51,27321761,160.95,AAPL
8/17/2017,160.52,157.84,160.71,26925694,157.87,AAPL
8/18/2017,157.86,156.72,159.5,27012525,157.5,AAPL
8/21/2017,157.5,155.1101,157.89,26145653,157.21,AAPL
8/22/2017,158.23,158.02,160,21297812,159.78,AAPL
8/23/2017,159.07,158.88,160.47,19198189,159.98,AAPL
8/24/2017,160.43,158.55,160.74,19029621,159.27,AAPL
8/25/2017,159.65,159.27,160.56,25015218,159.86,AAPL
8/28/2017,160.14,159.93,162,25279674,161.47,AAPL
8/29/2017,160.1,160,163.12,29307862,162.91,AAPL
8/30/2017,163.8,162.61,163.89,26973946,163.35,AAPL
8/31/2017,163.64,163.48,164.52,26412439,164,AAPL
9/1/2017,164.8,163.63,164.94,16508568,164.05,AAPL
9/5/2017,163.75,160.56,164.25,29317054,162.08,AAPL
9/6/2017,162.71,160.52,162.99,21179047,161.91,AAPL
9/7/2017,162.09,160.36,162.24,21722995,161.26,AAPL
9/8/2017,160.86,158.53,161.15,28183159,158.63,AAPL
9/11/2017,160.5,159.89,162.05,31028926,161.5,AAPL
9/12/2017,162.61,158.77,163.96,71139119,160.82,AAPL
9/13/2017,159.87,157.91,159.96,44393752,159.65,AAPL
9/14/2017,158.99,158.09,159.4,23073646,158.28,AAPL
9/15/2017,158.47,158,160.97,48203642,159.88,AAPL
9/18/2017,160.11,157.995,160.5,27939718,158.67,AAPL
9/19/2017,159.51,158.44,159.77,20347352,158.73,AAPL
9/20/2017,157.9,153.83,158.26,51693239,156.07,AAPL
9/21/2017,155.8,152.75,155.8,36643382,153.39,AAPL
9/22/2017,152.02,150.56,152.27,46114424,151.89,AAPL
9/25/2017,149.99,149.16,151.83,43922334,150.55,AAPL
9/26/2017,151.78,151.69,153.92,35470985,153.14,AAPL
9/27/2017,153.8,153.54,154.7189,24959552,154.23,AAPL
9/28/2017,153.89,152.7,154.28,21896592,153.28,AAPL
9/29/2017,153.21,152,154.13,25856530,154.12,AAPL
10/2/2017,154.26,152.72,154.45,18524860,153.81,AAPL
10/3/2017,154.01,153.91,155.09,16146388,154.48,AAPL
10/4/2017,153.63,152.46,153.86,19844177,153.4508,AAPL
10/5/2017,154.18,154.05,155.44,21032800,155.39,AAPL
10/6/2017,154.97,154.56,155.49,16423749,155.3,AAPL
10/9/2017,155.81,155.485,156.73,16200129,155.84,AAPL
10/10/2017,156.055,155.1,158,15456331,155.9,AAPL
10/11/2017,155.97,155.75,156.98,16607693,156.55,AAPL
10/12/2017,156.35,155.7299,157.37,16045720,156,AAPL
10/13/2017,156.73,156.41,157.28,16287608,156.99,AAPL
10/16/2017,157.9,157.65,160,23894630,159.88,AAPL
10/17/2017,159.78,159.23,160.87,18816438,160.47,AAPL
10/18/2017,160.42,159.6,160.71,16158659,159.76,AAPL
10/19/2017,156.75,155.02,157.08,42111326,155.98,AAPL
10/20/2017,156.61,155.96,157.75,23612246,156.16,AAPL
10/23/2017,156.89,155.5,157.69,21654461,156.17,AAPL
10/24/2017,156.29,156.2,157.42,17137731,157.1,AAPL
10/25/2017,156.91,155.27,157.55,20126554,156.405,AAPL
10/26/2017,157.23,156.78,157.8295,16751691,157.41,AAPL
10/27/2017,159.29,158.7,163.6,43904150,163.05,AAPL
10/30/2017,163.89,163.72,168.07,43923292,166.72,AAPL
10/31/2017,167.9,166.94,169.6499,35474672,169.04,AAPL
11/1/2017,169.87,165.61,169.94,33100847,166.89,AAPL
11/2/2017,167.64,165.28,168.5,32710040,168.11,AAPL
11/3/2017,174,171.12,174.26,58683826,172.5,AAPL
11/6/2017,172.365,171.72,174.99,34242566,174.25,AAPL
11/7/2017,173.91,173.6,175.25,23910914,174.81,AAPL
11/9/2017,175.11,173.14,176.095,28636531,175.88,AAPL
11/10/2017,175.11,174.27,175.38,25061183,174.67,AAPL
11/13/2017,173.5,173.4,174.5,16828025,173.97,AAPL
11/14/2017,173.04,171.18,173.48,23588451,171.34,AAPL
11/15/2017,169.97,168.38,170.3197,28702351,169.08,AAPL
11/16/2017,171.18,170.3,171.87,23497326,171.1,AAPL
11/17/2017,171.04,169.64,171.39,21665811,170.15,AAPL
11/20/2017,170.29,169.56,170.56,15974387,169.98,AAPL
11/21/2017,170.78,170.78,173.7,24875471,173.14,AAPL
11/22/2017,173.36,173.05,175,24997274,174.96,AAPL
11/24/2017,175.1,174.6459,175.5,14026519,174.97,AAPL
11/27/2017,175.05,173.34,175.08,20536313,174.09,AAPL
11/28/2017,174.3,171.86,174.87,25468442,173.07,AAPL
11/29/2017,172.63,167.16,172.92,40788324,169.48,AAPL
11/30/2017,170.43,168.44,172.14,40172368,171.85,AAPL
12/1/2017,169.95,168.5,171.67,39590080,171.05,AAPL
12/4/2017,172.48,169.63,172.62,32115052,169.8,AAPL
12/5/2017,169.06,168.4,171.52,27008428,169.64,AAPL
12/6/2017,167.5,166.46,170.2047,28224357,169.01,AAPL
12/7/2017,169.03,168.91,170.44,24469613,169.452,AAPL
12/8/2017,170.49,168.82,171,23096872,169.37,AAPL
12/11/2017,169.2,168.79,172.89,33092051,172.67,AAPL
12/12/2017,172.15,171.461,172.39,18945457,171.7,AAPL
12/13/2017,172.5,172,173.54,23142242,172.27,AAPL
12/14/2017,172.4,171.65,173.13,20219307,172.22,AAPL
12/15/2017,173.63,172.46,174.17,37054632,173.87,AAPL
12/18/2017,174.88,174.86,177.2,28831533,176.42,AAPL
12/19/2017,175.03,174.09,175.39,27078872,174.54,AAPL
12/20/2017,174.87,173.25,175.42,23000392,174.35,AAPL
12/21/2017,174.17,174.1,176.02,20356826,175.01,AAPL
12/22/2017,174.68,174.5,175.424,16052615,175.01,AAPL
12/26/2017,170.8,169.679,171.47,32968167,170.57,AAPL
12/27/2017,170.1,169.71,170.78,21672062,170.6,AAPL
12/28/2017,171,170.48,171.85,15997739,171.08,AAPL
12/29/2017,170.52,169.22,170.59,25643711,169.23,AAPL
1/2/2018,170.16,169.26,172.3,25048048,172.26,AAPL
1/3/2018,172.53,171.96,174.55,28819653,172.23,AAPL
1/4/2018,172.54,172.08,173.47,22211345,173.03,AAPL
1/5/2018,173.44,173.05,175.37,23016177,175,AAPL
1/8/2018,174.35,173.93,175.61,20134092,174.35,AAPL
1/9/2018,174.55,173.41,175.06,21262614,174.33,AAPL
1/10/2018,173.16,173,174.3,23589129,174.29,AAPL
1/11/2018,174.59,174.49,175.4886,17523256,175.28,AAPL
1/12/2018,176.18,175.65,177.36,25039531,177.09,AAPL
1/16/2018,177.9,176.14,179.39,29159005,176.19,AAPL
1/17/2018,176.15,175.07,179.25,32752734,179.1,AAPL
1/18/2018,179.37,178.25,180.1,30234512,179.26,AAPL
1/19/2018,178.61,177.41,179.58,30827809,178.46,AAPL
1/22/2018,177.3,176.6016,177.78,26023683,177,AAPL
1/23/2018,177.3,176.82,179.44,31702531,177.04,AAPL
1/24/2018,177.25,173.2,177.3,50562257,174.22,AAPL
1/25/2018,174.505,170.53,174.95,39661804,171.11,AAPL
1/26/2018,172,170.06,172,37121805,171.51,AAPL
1/29/2018,170.16,167.07,170.16,48434424,167.96,AAPL
1/30/2018,165.525,164.7,167.37,45137026,166.97,AAPL
1/31/2018,166.87,166.5,168.4417,30984099,167.43,AAPL
2/1/2018,167.165,166.76,168.62,38099665,167.78,AAPL
2/2/2018,166,160.1,166.8,85436075,160.37,AAPL
2/5/2018,159.1,156,163.88,66090446,157.49,AAPL
2/6/2018,154.83,154,163.72,66625484,163.03,AAPL
2/7/2018,163.085,159.0685,163.4,50852130,159.54,AAPL
2/8/2018,160.29,155.03,161,49594129,155.32,AAPL
2/9/2018,157.07,150.24,157.89,66723743,155.97,AAPL
2/12/2018,158.5,157.51,163.89,60560145,162.71,AAPL
2/13/2018,161.95,161.65,164.75,32104756,164.34,AAPL
2/14/2018,163.045,162.88,167.54,39669178,167.37,AAPL
2/15/2018,169.79,169,173.09,50609595,172.99,AAPL
2/16/2018,172.36,171.77,174.82,39638793,172.43,AAPL
2/20/2018,172.05,171.42,174.26,33531012,171.85,AAPL
2/21/2018,172.83,171.01,174.12,35833514,171.07,AAPL
2/22/2018,171.8,171.71,173.95,30504116,172.6,AAPL
2/23/2018,173.67,173.54,175.65,33329232,175.555,AAPL
2/26/2018,176.35,176.21,179.39,36886432,178.97,AAPL
2/27/2018,179.1,178.16,180.48,38685165,178.39,AAPL
2/28/2018,179.26,178.05,180.615,33604574,178.12,AAPL
3/1/2018,178.54,172.66,179.775,48801970,175,AAPL
3/2/2018,172.8,172.45,176.3,38453950,176.21,AAPL
3/5/2018,175.21,174.52,177.74,28401366,176.82,AAPL
3/6/2018,177.91,176.13,178.25,23788506,176.67,AAPL
3/7/2018,174.94,174.27,175.85,31703462,175.03,AAPL
3/8/2018,175.48,175.07,177.12,23163767,176.94,AAPL
3/9/2018,177.96,177.39,180,31385134,179.98,AAPL
3/12/2018,180.29,180.21,182.39,32055405,181.72,AAPL
3/13/2018,182.59,179.24,183.5,31168404,179.97,AAPL
3/14/2018,180.32,177.81,180.52,29075469,178.44,AAPL
3/15/2018,178.5,178.0701,180.24,22584565,178.65,AAPL
3/16/2018,178.65,177.62,179.12,36836456,178.02,AAPL
3/19/2018,177.32,173.66,177.47,32804695,175.3,AAPL
3/20/2018,175.24,174.94,176.8,19314039,175.24,AAPL
3/21/2018,175.04,171.26,175.09,35247358,171.27,AAPL
3/22/2018,170,168.6,172.68,41051076,168.845,AAPL
3/23/2018,168.39,164.94,169.92,40248954,164.94,AAPL
3/26/2018,168.07,166.44,173.1,36272617,172.77,AAPL
3/27/2018,173.68,166.92,175.15,38962839,168.34,AAPL
